"";"sp_01";"sp_02";"sp_03";"sp_04";"sp_05";"sp_06";"sp_07";"sp_08";"sp_09";"sp_10";"enviro";"enviro2";"env";"site"
"21";10;1;3;4;1;1;0;0;0;0;-0,0527943870386998;0,0627550619579088;3,55674594175071;1
"211";0;0;0;0;3;5;2;6;3;1;0,0185476553273362;-0,0230197231679346;66,476083593443;2
"212";0;0;2;4;6;8;0;0;0;0;-0,00590390585232641;-0,0333224035431607;44,9112953850999;3
"213";0;0;0;0;1;1;0;5;8;5;0,0535676281521294;0,063852318667665;97,3615674069151;4
"214";0;0;1;1;6;6;1;4;1;0;0,0141170454541014;-0,0279581094901602;62,5685554463416;5
"215";0;1;0;0;0;2;3;6;7;1;0,0353741115812277;0,00812040421191965;81,3159935176373;6
"216";0;0;0;0;2;2;0;10;2;4;0,0349894939214203;0,00718963399627988;80,9767841594294;7
"217";0;0;0;0;1;2;0;11;2;4;0,0405011481399297;0,0215062642347071;85,837727598846;8
"218";1;0;0;4;2;7;3;2;1;0;0,0024788312609732;-0,0344545492600185;52,30435912963;9
"219";0;0;1;4;4;4;0;4;2;1;0,00120641220504964;-0,0345959770444993;51,1821629945189;10
"2110";0;0;0;6;3;7;1;2;0;1;-0,00210578298235813;-0,0344383149649245;48,2610085047781;11
"2111";2;0;8;3;2;2;0;3;0;0;-0,0122136514875022;-0,0292601493933634;39,3464839085937;12
"2112";0;0;1;2;9;3;0;4;1;0;0,00897388676820507;-0,0319857179672925;58,0326026305556;13
"2113";0;0;0;0;0;2;1;7;7;3;0,0382992079976948;0,0155343305363599;83,8957504602149;14
"2114";0;0;0;0;0;1;0;3;7;9;0,0491337720999755;0,0481576499789107;93,4511763276532;15
"2115";7;0;8;5;0;0;0;0;0;0;-0,0428743681772221;0,0297299872296022;12,3055985895917;16
"2116";0;0;0;0;0;3;1;11;4;1;0,0270969434472216;-0,00964816534669171;74,0160351851955;17
"2117";0;0;1;3;5;8;0;2;1;0;0,00546734873449761;-0,0336814492484284;54,9400495830923;18
"2118";2;0;4;6;7;1;0;0;0;0;-0,0176648018328855;-0,0235307439857111;34,5389012014493;19
"2119";0;0;2;2;1;4;0;5;5;1;0,0197269100884375;-0,0214762478806818;67,5161144929007;20
"2120";0;0;0;0;1;2;0;6;6;5;0,0450943566447212;0,0350443599154454;89,8886578390375;21
"2121";0;0;0;0;0;5;0;4;9;2;0,0447175562722538;0,0338787598366361;89,5563428523019;22
"2122";0;0;1;4;5;4;1;5;0;0;-0,00436035281869239;-0,0338964106883907;46,2726151803508;23
"2123";0;0;0;0;1;1;0;5;5;8;0,0515119591761879;0,0564065174586972;95,5485925311223;24
"2124";0;0;3;6;4;6;1;0;0;0;0,000424297452378825;-0,0346272674190197;50,4923854023218;25
"2125";0;0;0;0;1;3;0;5;4;7;0,0457861844491203;0,0372100703230538;90,4988078400493;26
"2126";0;0;0;1;1;2;3;8;4;1;0,0266399164510672;-0,010491042841563;73,6129652010277;27
"2127";10;0;4;5;1;0;0;0;0;0;-0,0512304321446456;0,0570959292304204;4,9360589357093;28
"2128";6;0;7;2;3;2;0;0;0;0;-0,035789755473453;0,0103158594665483;18,5537956422195;29
"2129";0;0;2;3;6;6;0;3;0;0;-0,00137140471074005;-0,0345388229322604;48,9086854271591;30
"2130";0;0;0;1;1;1;0;8;5;4;0,0386795927840182;0,0165419886351142;84,2312266817316;31
"2131";0;0;1;1;7;7;0;0;1;3;0,00260999109770438;-0,0344335965026913;52,4200341198593;32
"2132";6;0;5;6;2;1;0;0;0;0;-0,0345817826865395;0,00735248511355191;19,6191540919244;33
"2133";0;0;2;1;2;5;1;6;2;1;0,0240563656716614;-0,0149837790516621;71,3344307150692;34
"2134";3;0;10;2;4;1;0;0;0;0;-0,03248822331931;0,00245594459825052;21,4655459858477;35
"2135";0;0;1;2;1;4;0;5;4;3;0,0247741163644693;-0,0137819979917432;71,9674431253225;36
"2136";8;0;6;4;2;0;0;0;0;0;-0,0378846221086817;0,0156945249874132;16,706250817515;37
"2137";12;0;1;3;3;1;0;0;0;0;-0,0551842103788161;0,071729759694533;1,44906726200134;38
"2138";0;0;0;0;1;3;1;7;5;3;0,0437631854516225;0,0309704850327658;88,714645896107;39
"2139";0;0;7;4;3;6;0;0;0;0;-0,0190721972733175;-0,0217172688558277;33,2976641133428;40
"2140";0;0;4;0;2;6;0;6;2;0;0,00277860894890528;-0,0344049095384349;52,5687447981909;41
"2141";2;0;3;3;6;3;0;3;0;0;-0,00956541127002574;-0,0313008608162511;41,6820705402642;42
"2142";0;0;1;2;1;5;1;6;4;0;0,0224189281815719;-0,0175919209147337;69,8903105454519;43
"2143";0;0;0;1;3;4;1;4;7;0;0,0244012107889482;-0,0144108331182392;71,6385631123558;44
"2144";4;0;3;11;1;1;0;0;0;0;-0,0394335659926213;0,0198669430500535;15,3401766205207;45
"2145";0;0;1;4;5;4;2;3;1;0;0,0123103630106653;-0,0295816498556371;60,9751715324819;46
"2146";2;0;5;7;2;2;0;2;0;0;-0,0209744614990597;-0,0190481358194066;31,6199828870595;47
"2147";0;0;0;0;2;1;0;4;6;7;0,0406374787841785;0,0218870479553404;85,9579629264772;48
"2148";1;0;0;2;3;7;0;4;2;1;0,00881725165259957;-0,0320796343106337;57,8944599954411;49
"2149";6;0;5;4;3;1;1;0;0;0;-0,0359517296164495;0,0107208946357537;18,4109443100169;50
"2150";6;0;6;6;2;0;0;0;0;0;-0,0326184594251293;0,00275169466062681;21,3506856700405;51
"2151";0;0;0;0;1;1;0;2;10;6;0,0448621666500952;0,0343249371504838;89,6838804008439;52
"2152";4;0;9;3;3;1;0;0;0;0;-0,033067105576248;0,00377950745764562;20,95500708092;53
"2153";0;1;2;7;5;4;0;1;0;0;-0,0262946156868103;-0,0102527401424192;26,9279308151454;54
"2154";6;0;6;2;5;1;0;0;0;0;-0,039462553164951;0,0199466101273036;15,3146116994321;55
"2155";0;0;0;0;0;2;0;3;9;6;0,0444979697002043;0,0332040219898453;89,3626808654517;56
"2156";10;0;5;3;2;0;0;0;0;0;-0,0419112811806022;0,0268866749202578;13,1549826823175;57
"2157";3;0;5;7;4;0;0;1;0;0;-0,0420397122755641;0,0272621289679885;13,0417142761871;58
"2158";10;0;6;2;1;1;0;0;0;0;-0,0419912659552214;0,0271203673523164;13,0844409810379;59
"2159";0;0;4;2;6;7;0;1;0;0;-0,00236010484627489;-0,0343948013723824;48,036712105386;60
"2160";7;0;4;5;4;0;0;0;0;0;-0,0341149881401878;0,00623442424632001;20,0308384606615;61
"2161";7;0;9;2;2;0;0;0;0;0;-0,0450968127169124;0,0365364327034839;10,3455378208309;62
"2162";0;0;0;0;3;6;0;8;3;0;0,0183251517825544;-0,0233001485050044;66,279849014245;63
"2163";2;0;1;8;3;3;0;2;0;1;-0,0116311683695988;-0,0297506709405956;39,8601985536516;64
"2164";0;0;0;0;1;0;0;6;4;9;0,0457203635132823;0,0370025964986615;90,4407577821985;65
"2165";2;0;6;8;2;2;0;0;0;0;-0,0272108461095306;-0,00854015317483576;26,1198713677004;66
"2166";0;0;0;0;0;4;0;8;3;5;0,0386166318236265;0,0163745099176551;84,1756989480928;67
"2167";8;0;3;8;1;0;0;0;0;0;-0,0440723825693894;0,0333565225016581;11,2490228377283;68
"2168";0;0;1;0;2;3;2;2;8;2;0,0254903407232847;-0,0125472094902512;72,5991094019264;69
"2169";2;0;6;4;4;2;0;1;1;0;-0,0181059892066894;-0,022977020152188;34,149800799787;70
"2170";8;0;5;7;0;0;0;0;0;0;-0,041780381488038;0,0265051796443703;13,2704282412305;71
"2171";1;0;1;4;5;4;1;2;2;0;-0,0033527949238319;-0,0341820914874438;47,16121989768;72
"2172";4;0;8;5;0;1;1;0;1;0;-0,0331593524233239;0,00399256539128781;20,8736509783193;73
"2173";0;0;1;1;2;7;3;3;3;0;0,0139344217936488;-0,0281324906566728;62,4074924970046;74
"2174";3;0;6;6;3;2;0;0;0;0;-0,0358246940442006;0,0104030737354969;18,5229819500819;75
"2175";0;0;0;0;1;2;0;8;2;7;0,042137609495396;0,0261620524641794;87,2809868771583;76
"2176";0;0;0;1;1;2;0;5;5;6;0,0232728675930104;-0,0162549170439465;70,6434331135824;77
"2177";0;1;1;7;2;5;1;3;0;0;0,00107538492198831;-0,0346041731008182;51,0666049085557;78
"2178";0;0;1;1;2;5;1;8;2;0;0,0212889226659907;-0,019283530446913;68,8937144819647;79
"2179";0;0;0;0;1;0;2;7;7;3;0,0365065084484366;0,0109202749160549;82,3146986076608;80
"2180";1;0;0;7;6;4;1;1;0;0;-0,0145146047331423;-0,0270927323278767;37,3171832412481;81
"2181";2;0;5;6;5;1;1;0;0;0;-0,02407637025519;-0,0141582501477981;28,8842882262543;82
"2182";6;0;9;3;2;0;0;0;0;0;-0,0357200218679672;0,0101420419705183;18,6152964364737;83
"2183";13;0;5;2;0;0;0;0;0;0;-0,055030410554793;0,0711402746604772;1,58470934256911;84
"2184";0;0;0;1;2;4;1;7;3;2;0,0265401036432669;-0,0106731992711688;73,5249363817275;85
"2185";3;0;7;4;2;3;1;0;0;0;-0,0277715071868366;-0,00746351243228126;25,6254024337977;86
"2186";1;0;7;3;5;2;1;0;1;0;-0,0213298804445026;-0,0185216500194347;31,3065250171348;87
"2187";4;0;6;5;4;1;0;0;0;0;-0,0348747085562135;0,00806180359537132;19,360811309889;88
"2188";0;0;0;0;2;2;0;5;6;5;0,0416622316963235;0,0247904742308369;86,8617326021194;89
"2189";0;0;0;0;4;2;0;5;6;3;0,0258700139543275;-0,0118782359487212;72,9339580750093;90
"2190";0;0;0;1;5;9;1;2;2;0;0,0110485873465147;-0,0305814565544317;59,8623622208834;91
"2191";0;0;8;5;4;2;0;0;1;0;-0,0113946560587815;-0,0299431357954593;40,0687880115584;92
"2192";0;0;0;0;1;2;0;2;8;7;0,0471124938185994;0,0414546573308575;91,6685319505632;93
"2193";7;0;7;3;1;2;0;0;0;0;-0,0435047815775107;0,0316259350915837;11,7496123537421;94
"2194";0;0;1;4;5;4;0;2;3;1;0,00423695616147923;-0,0340746432019778;53,8549182470888;95
"2195";0;0;0;0;0;5;0;5;5;5;0,0384078782471056;0,0158211809707515;83,9915910037234;96
"2196";1;0;3;10;3;3;0;0;0;0;-0,0270146064072794;-0,00891185020700413;26,2929428368807;97
"2197";0;0;0;0;2;1;0;7;3;7;0,0412704732982495;0,0236719207972171;86,5162255475298;98
"2198";3;0;3;8;4;2;0;0;0;0;-0,0269119520247314;-0,00910522512737286;26,383477752097;99
"2199";6;0;8;3;3;0;0;0;0;0;-0,0552121950694678;0,0718371957627368;1,42438646871597;100
"21100";11;6;0;3;0;0;0;0;0;0;-0,0496533468077178;0,0515608132981858;6,32695218082517;101
"21101";7;0;10;3;0;0;0;0;0;0;-0,0404970002884973;0,0228277308546127;14,4022923195735;102
"21102";0;0;0;2;1;1;0;7;5;4;0,030070539274139;-0,00381084073372861;76,6385656548664;103
"21103";0;0;3;1;6;6;0;2;1;1;0,00114167522084091;-0,0346001750883837;51,1250689160079;104
"21104";1;0;7;5;6;1;0;0;0;0;-0,0180605605745243;-0,0230346590959789;34,1898660873994;105
"21105";0;0;3;6;3;8;0;0;0;0;-0,00113681523333122;-0,0345630582126204;49,1155790630728;106
"21106";0;0;0;1;2;2;0;6;4;5;0,0269549029104247;-0,0099116745224378;73,890764079988;107
"21107";0;0;2;3;1;2;1;6;4;1;0,0182483692574962;-0,0233961232276294;66,2121315021068;108
"21108";2;0;7;6;4;1;0;0;0;0;-0,0251944832170791;-0,0122322597690236;27,8981806710362;109
"21109";2;0;1;5;7;5;0;0;0;0;-0,0335514757993875;0,00490480987533212;20,5278220353648;110
"21110";0;0;0;2;3;7;0;4;4;0;0,0107254897958356;-0,0308197416671784;59,5774098532274;111
"21111";2;0;10;4;3;0;1;0;0;0;-0,0365454560364213;0,0122211127567362;17,8873137570918;112
"21112";4;0;3;7;4;2;0;0;0;0;-0,0246017298429474;-0,013264082084416;28,420953056775;113
"21113";3;0;10;2;3;2;0;0;0;0;-0,0341817589427936;0,00639342802492765;19,9719506781548;114
"21114";0;0;0;1;2;5;3;4;4;1;0,0211067505750507;-0,0195479634636367;68,7330497894436;115
"21115";0;0;0;3;2;1;0;6;5;3;0,0270319749098883;-0,0097688663355631;73,958736890927;116
"21116";5;1;4;8;0;2;0;0;0;0;-0,0457744871368727;0,0386799271224248;9,74787024315447;117
"21117";0;0;4;6;5;3;0;0;2;0;-0,00258320970054457;-0,0343529406166297;47,8399472078308;118
"21118";0;0;0;1;0;4;3;6;5;1;0,0341020575824933;0,00508113721913593;80,1941193407401;119
"21119";0;0;0;1;2;6;0;5;4;2;0,0228709824483176;-0,0168904350828061;70,2889948850498;120
"21120";1;0;4;1;8;4;0;2;0;0;-0,00274523859683946;-0,0343203786396132;47,6970475865528;121
"21121";1;0;1;5;6;4;0;2;1;0;-0,00426907138789865;-0,0339251885572586;46,3531198445708;122
"21122";0;0;1;1;8;5;0;3;2;0;0,00153523110581376;-0,0345701729286783;51,472161244601;123
"21123";3;0;6;4;4;3;0;0;0;0;-0,0300651817813698;-0,00283225876079837;23,6025210935622;124
"21124";8;0;6;3;0;3;0;0;0;0;-0,0427114397322822;0,0292444609667738;12,4492915580049;125
"21125";1;0;4;6;3;3;1;1;0;1;-0,00651933197596959;-0,0330475346236136;44,3685270147398;126
"21126";7;1;2;5;3;1;0;1;0;0;-0,0358089398781794;0,0103637374465075;18,5368761653081;127
"21127";2;0;5;6;3;1;0;3;0;0;-0,0187667015352822;-0,0221225662965699;33,5670927539468;128
"21128";0;0;0;4;1;3;0;3;7;2;0,0213532798618914;-0,019189562982163;68,9504736103117;129
"21129";0;0;0;0;1;2;3;5;8;1;0,0344679827460647;0,0059439460618332;80,5168430553749;130
"21130";0;0;0;1;6;3;0;3;4;3;0,0182830734503348;-0,0233527951034606;66,2427384871989;131
"21131";0;0;0;0;0;0;2;6;10;2;0,0459586382519916;0,0377550838962893;90,6509015941992;132
"21132";0;0;0;0;1;3;3;8;4;1;0,0301198597728665;-0,00370885947937562;76,6820633318275;133
"21133";0;0;4;7;7;0;0;1;1;0;-0,015869092700205;-0,0256454076948477;36,1226073233411;134
"21134";0;0;1;7;6;6;0;0;0;0;-0,00581681344485824;-0,0333591831979267;44,9881055857986;135
"21135";0;0;0;0;0;1;0;10;5;4;0,0402690561943637;0,0208609714494024;85,6330366339535;136
"21136";6;0;6;6;2;0;0;0;0;0;-0,0477862080372938;0,045230370986993;7,97365489415824;137
"21137";2;0;5;6;4;3;0;0;0;0;-0,0340107331344565;0,0059867753513137;20,1227850280702;138
"21138";1;0;2;5;5;2;0;1;3;1;-0,00124621184834093;-0,0345522307558098;49,0190979093313;139
"21139";0;0;0;1;1;3;0;4;7;4;0,0376318811327369;0,0137907583783272;83,3072087960318;140
"21140";0;0;0;0;0;3;1;7;8;1;0,0473690113320219;0,0422896493176322;91,8947647791356;141
"21141";0;0;0;1;5;3;0;8;2;1;0,0148804436866686;-0,0272041593215138;63,241826207377;142
"21142";2;0;4;4;5;3;1;1;0;0;-0,0182589035531901;-0,0227819552700764;34,0149396564811;143
"21143";1;0;4;3;5;5;0;2;0;0;-0,014243058442503;-0,02736760129707;37,5566705362871;144
"21144";0;0;0;0;0;1;0;8;4;7;0,048652186771096;0,0465349343169045;93,0264473892748;145
"21145";9;0;3;6;2;0;0;0;0;0;-0,0468387426530252;0,0421103760496166;8,80926167592406;146
"21146";12;0;1;6;1;0;0;0;0;0;-0,0402425705283749;0,0221122263845411;14,6266838768497;147
"21147";4;0;5;5;3;3;0;0;0;0;-0,0245887553704148;-0,0132863949805062;28,432395751588;148
"21148";3;0;7;6;3;1;0;0;0;0;-0,0363124036377458;0,0116293292366169;18,0928517831489;149
"21149";0;0;5;2;6;5;0;2;0;0;0,00252623850943946;-0,0344471134455757;52,3461694363505;150
"21150";0;0;0;0;0;5;0;6;6;3;0,031197903193871;-0,00143767833215408;77,6328319916502;151
"21151";1;0;3;6;3;3;1;2;1;0;-0,0177162724413695;-0,0234668390148008;34,493507258594;152
"21152";0;0;2;10;2;3;1;1;1;0;-0,0176871367698578;-0,0235030358673609;34,5192031469196;153
"21153";1;0;4;1;5;6;0;3;0;0;0,0104242481567674;-0,031035395549595;59,3117330688983;154
"21154";0;0;0;0;0;1;0;3;4;12;0,0550501188237138;0,0694036472476399;98,6690339166671;155
"21155";0;0;0;0;0;4;0;6;7;3;0,0370618957587921;0,0123259375748539;82,8045164002106;156
"21156";0;0;0;1;3;2;1;7;6;0;0,0275237465170587;-0,00884796682576645;74,3924495065585;157
"21157";0;0;0;0;1;3;1;7;5;3;0,0384009932706302;0,0158029828393972;83,9855188736692;158
"21158";0;0;0;3;2;7;0;4;3;1;0,0139903243305204;-0,0280793565073072;62,4567951308563;159
"21159";0;0;0;4;2;2;0;6;3;3;0,0173533172997183;-0,0244847785363824;65,4227501712739;160
"21160";1;0;5;7;6;1;0;0;0;0;-0,0243408152753453;-0,0137105508258541;28,6510638194159;161
"21161";0;0;0;1;3;6;2;4;3;1;0,0175052262869568;-0,0243039200130189;65,5567246489227;162
"21162";1;0;1;5;5;4;1;3;0;0;0,00426392804810976;-0,0340671477789282;53,8787058088928;163
"21163";0;0;0;0;0;3;0;6;3;8;0,0503992289862488;0,0524981960069016;94,5672322530299;164
"21164";5;0;3;5;7;0;0;0;0;0;-0,0264698851661719;-0,00992962922100735;26,7733538057655;165
"21165";0;0;2;1;10;4;0;2;0;1;-0,00174115006526865;-0,0344928874942688;48,5825925366953;166
"21166";0;0;0;0;2;5;2;5;5;1;0,0379096310988045;0,0145127086226897;83,5521673550829;167
"21167";0;0;0;0;0;2;0;1;9;8;0,0435047464511842;0,0301937915320526;88,4867184329778;168
"21168";0;0;1;3;4;6;0;5;1;0;0,00443916838203197;-0,0340172218913565;54,0332571137697;169
"21169";4;0;7;2;4;2;0;0;1;0;-0,0252432680363572;-0,0121462549573409;27,8551554307342;170
"21170";0;0;2;1;8;5;0;3;1;0;0,00991458811373204;-0,0313859421109736;58,8622439419851;171
"21171";4;0;5;7;3;1;0;0;0;0;-0,0291389654552548;-0,00474627726511206;24,4193874998018;172
"21172";1;0;4;4;6;2;0;2;1;0;-0,0106590330868196;-0,0305169959111749;40,717562683858;173
"21173";0;0;0;0;2;9;3;3;3;0;0,0157729858630711;-0,0262714856586236;64,0289940638468;174
"21174";7;0;8;3;1;1;0;0;0;0;-0,0465697696090117;0,0412359796703055;9,04647952411324;175
"21175";4;0;7;2;6;0;0;1;0;0;-0,0281689432168364;-0,00668712853624955;25,2748880535364;176
"21176";4;0;4;5;4;3;0;0;0;0;-0,0248134710382116;-0,0128982918137271;28,2342102145776;177
"21177";0;0;1;2;4;9;0;4;0;0;0,00830799156736113;-0,0323732375895397;57,445323606953;178
"21178";6;0;7;2;5;0;0;0;0;0;-0,0392590187076815;0,0193884550775725;15,4941166983917;179
"21179";0;0;1;2;3;6;0;4;4;0;0,00245169801843147;-0,0344587350689631;52,2804292617366;180
"21180";0;0;4;4;5;5;0;0;1;1;-0,0116293899961946;-0,0297521325688771;39,8617669707164;181
"21181";0;0;1;4;4;6;1;2;2;0;0,00128640387003089;-0,0345903888956422;51,2527107726783;182
"21182";1;0;3;12;2;2;0;0;0;0;-0,0151317654328309;-0,0264490281827973;36,7728850804269;183
"21183";7;0;9;3;1;0;0;0;0;0;-0,0522665424062308;0,060826131575579;4,02227276936173;184
"21184";0;0;1;1;3;3;0;3;6;3;0,0149133294311238;-0,027170773838139;63,2708294317126;185
"21185";13;0;5;0;2;0;0;0;0;0;-0,0477146977215947;0,0449927191654774;8,03672263864428;186
"21186";3;0;3;7;4;2;1;0;0;0;-0,0263780126162343;-0,0100992624290049;26,8543798010796;187
"21187";0;0;2;3;5;5;0;3;2;0;0,00807490595766852;-0,0325016268057891;57,2397562908009;188
"21188";2;0;4;4;8;2;0;0;0;0;-0,0256335254970988;-0,0114523207593255;27,5109721114859;189
"21189";0;0;0;0;0;1;0;10;6;3;0,0386653578504286;0,0165040991149749;84,2186723370105;190
"21190";0;0;1;2;1;7;0;4;5;0;0,0187391780091703;-0,0227755978619903;66,6449949378148;191
"21191";3;0;5;6;6;0;0;0;0;0;-0,0196555986045631;-0,0209253207314259;32,7831396600232;192
"21192";0;0;2;3;5;4;1;1;4;0;0,0124207456866435;-0,0294889401329866;61,0725223319605;193
"21193";0;0;7;7;2;3;0;1;0;0;-0,0156867611541434;-0,0258476366704851;36,2834126455709;194
"21194";0;0;1;1;0;4;2;6;5;1;0,0291997731497873;-0,00558360399666419;75,8706029504538;195
"21195";3;0;4;8;5;0;0;0;0;0;-0,012578028009204;-0,0289413534829982;39,0251260017976;196
"21196";0;0;0;2;5;6;0;3;2;2;0,0186601708211663;-0,0228766125670772;66,5753154084086;197
"21197";0;0;0;0;1;1;1;6;7;4;0,0411866787342158;0,0234340493430057;86,4423238439485;198
"21198";0;0;0;0;2;3;0;5;4;6;0,0347514587877912;0,00661872387938787;80,7668516645208;199
"21199";8;0;5;3;4;0;0;0;0;0;-0,0462764086433343;0,0402880135574559;9,30520603433251;200
"21200";0;0;0;0;2;1;0;7;5;5;0,0433418013215362;0,0297064658067534;88,3430107496679;201
"21201";0;0;2;5;4;4;1;2;2;0;-0,00280806560436893;-0,0343072635025003;47,6416379911825;202
"21202";0;0;0;0;0;3;1;7;7;2;0,0328249603403386;0,00214254772405118;79,0677973302081;203
"21203";0;0;0;0;0;1;0;6;5;8;0,0553393398169954;0,0705044061997017;98,9241092232987;204
"21204";0;0;0;0;0;0;0;1;7;12;0,0448914260841253;0,0344153896473815;89,7096854401752;205
"21205";0;0;0;0;0;2;0;8;6;4;0,0332883588621967;0,00319576712768482;79,4764866121113;206
"21206";6;0;8;3;3;0;0;0;0;0;-0,0470156834279809;0,0426883195372769;8,65321068558842;207
"21207";0;0;2;0;1;8;1;6;0;2;0,0177984163663755;-0,0239503375229583;65,8153004478663;208
"21208";0;0;0;3;5;4;0;3;4;1;0,0112576210782924;-0,0304234421194516;60,0467172451317;209
"21209";0;0;2;1;7;5;0;4;1;0;-0,00261995697812924;-0,0343457151484293;47,8075383463874;210
"21210";0;0;7;3;4;5;0;0;1;0;-0,0184652167535534;-0,0225162059577463;33,8329839752987;211
"21211";0;0;0;0;1;3;2;12;2;0;0,025547289380794;-0,012447503950855;72,6493346504867;212
"21212";0;0;8;4;6;2;0;0;0;0;-0,0193871469312777;-0,0212926626802224;33,0198976909742;213
"21213";0;0;0;0;0;1;3;4;11;1;0,0427868662670896;0,0280605964425652;87,8535918192938;214
"21214";0;0;1;0;3;2;0;3;7;4;0,0291754974275055;-0,00563227375991256;75,8491932414472;215
"21215";0;0;1;0;1;5;1;6;6;0;0,022667416971219;-0,0172080741345313;70,1094625284895;216
"21216";1;0;2;3;5;9;0;0;0;0;-0,0225749533958569;-0,0166083091664267;30,2084464812651;217
"21217";1;0;4;10;1;4;0;0;0;0;-0,0152845305409536;-0,0262856201100438;36,6381555562839;218
"21218";0;0;0;0;1;0;0;5;4;10;0,0495020841271993;0,0494095270319421;93,7760051107034;219
"21219";0;0;0;0;0;1;0;5;7;7;0,0476970396363409;0,0433640561404732;92,1840657712892;220
"21220";5;0;3;5;3;4;0;0;0;0;-0,0277879076740976;-0,00743169077225888;25,6109382025898;221
"21221";3;0;5;6;4;2;0;0;0;0;-0,0229171209870923;-0,0160636842518067;29,9066754989326;222
"21222";0;0;0;3;5;6;0;3;2;1;0,00996156324937851;-0,0313543849894682;58,903673151508;223
"21223";5;0;7;5;3;0;0;0;0;0;-0,0423064068009284;0,0280454296721832;12,8065059427172;224
"21224";0;0;0;0;1;4;0;5;4;6;0,0283038261841394;-0,00735282241626936;75,0804322771728;225
"21225";1;0;7;5;3;3;1;0;0;0;-0,0201550207311921;-0,020228646080066;32,3426797520369;226
"21226";1;0;2;3;6;4;0;1;3;0;0,00548684769349133;-0,0336743741042424;54,9572464777157;227
"21227";0;0;2;4;7;6;0;1;0;0;-0,00258812068069338;-0,0343519804042814;47,8356160223484;228
"21228";0;0;0;0;0;2;0;2;4;12;0,0556847069914065;0,0718264433350141;99,2287020431831;229
"21229";0;0;0;0;0;1;2;6;8;3;0,04289089449807;0,028367507199559;87,9453383851796;230
"21230";0;0;4;3;5;5;1;2;0;0;-0,00540059547591513;-0,0335277007851047;45,3551844926551;231
"21231";0;0;0;0;0;1;0;5;8;6;0,0503618862335442;0,0523685214997068;94,5342982187867;232
"21232";0;0;0;1;0;3;2;3;9;2;0,0334045989795103;0,00346229252322611;79,5790033182129;233
"21233";0;0;3;5;4;7;0;0;1;0;-0,00651973995932229;-0,0330473437053316;44,3681671982631;234
"21234";0;0;1;3;5;5;0;5;1;0;0,0128117234410175;-0,029153772833231;61,4173409063369;235
"21235";0;0;0;0;1;0;0;7;9;3;0,0436918758276179;0,0307557142903929;88,6517551494762;236
"21236";0;0;0;1;1;2;2;8;6;0;0,0280111084509189;-0,00791880143018571;74,8222730588168;237
"21237";0;0;0;0;1;2;0;8;5;4;0,0335598696186318;0,00381977024781688;79,7159425681457;238
"21238";1;0;5;5;6;3;0;0;0;0;-0,0136123450078671;-0,0279863274097767;38,1129213841632;239
"21239";0;0;0;1;3;12;1;1;1;1;0,0102214252547785;-0,0311770530230691;59,1328556183726;240
"21240";0;0;1;6;3;8;0;1;0;1;0,00371416419717854;-0,0342099737625613;53,3938475651667;241
"21241";1;0;3;5;7;2;1;0;1;0;-0,0129332548165052;-0,0286217114169964;38,7118375860155;242
"21242";0;0;0;0;1;4;2;7;6;0;0,0357961052311566;0,009153410226437;81,6881662234664;243
"21243";0;0;5;3;5;5;0;0;2;0;-0,00950486080115639;-0,0313418411022449;41,7354723671451;244
"21244";1;0;4;7;2;4;1;1;0;0;-0,0224497981532506;-0,0168054923484462;30,3188257850707;245
"21245";0;0;0;1;0;2;0;6;8;3;0,0428648457615545;0,028290586211216;87,9223649855703;246
"21246";11;0;6;3;0;0;0;0;0;0;-0,0510090381857518;0,0563085072436796;5,13131492771208;247
"21247";0;1;0;2;2;2;0;3;8;2;0,0221852009762134;-0,0179490624596831;69,6841773809865;248
"21248";0;0;0;1;0;4;0;4;8;3;0,0295431277312844;-0,00489085051972011;76,1734207859263;249
"21249";0;0;0;0;2;7;2;4;5;0;0,0200178658425635;-0,0210806164894601;67,7727197529748;250
"21250";8;1;4;4;3;0;0;0;0;0;-0,0471552205721673;0,0431456202797243;8,53014742024243;251
"21251";0;0;1;2;3;7;1;4;2;0;0,00596651425454003;-0,0334920376670756;55,3802831796929;252
"21252";0;1;4;9;5;1;0;0;0;0;-0,0249968789855441;-0,0125789387084264;28,0724555719644;253
"21253";9;0;6;4;1;0;0;0;0;0;-0,0543088032392285;0,0683963667060963;2,22112305928022;254
"21254";0;0;1;1;5;7;1;2;3;0;0,0188808486312048;-0,0225933822235663;66,7699398007244;255
"21255";0;0;0;0;0;2;0;8;4;6;0,0508178283540745;0,0539584111876523;94,9364114087075;256
"21256";4;0;8;3;2;2;1;0;0;0;-0,0238195315875365;-0,0145884360910084;29,1108042933047;257
"21257";0;0;1;0;1;1;0;4;9;4;0,0375125517044402;0,0134822283648597;83,2019675057381;258
"21258";0;0;1;5;6;6;1;1;0;0;-0,00557572596004243;-0,033458256260582;45,2007300686091;259
"21259";0;0;2;3;3;7;2;2;1;0;0,00521132943913082;-0,0337719026678029;54,7142561525106;260
"21260";0;0;0;1;5;4;1;2;7;0;0,0254373893469572;-0,0126397150975932;72,5524095119908;261
"21261";0;0;0;2;0;3;4;7;3;1;0,032306647956163;0,000982138348040635;78,6106773652136;262
"21262";0;0;0;0;1;3;0;10;3;3;0,0369804154852106;0,0121183772505591;82,7326557599008;263
"21263";0;0;0;2;5;6;0;3;4;0;0,0195719246469451;-0,0216845984369151;67,3794267699122;264
"21264";2;0;5;7;3;3;0;0;0;0;-0,0185907372909475;-0,0223530823470537;33,7222825037315;265
"21265";4;0;5;8;2;1;0;0;0;0;-0,0330760602485229;0,0038001637904537;20,9471096051857;266
"21266";11;0;5;2;1;1;0;0;0;0;-0,0471832940719298;0,0432377876195105;8,50538830272853;267
"21267";8;0;5;5;2;0;0;0;0;0;-0,0457790357526176;0,0386944219146679;9,7438586410135;268
"21268";0;0;1;2;3;7;0;4;1;2;0,0149375948310625;-0,0271460916760144;63,292230037041;269
"21269";1;0;3;5;1;5;1;4;0;0;-0,00618909020224309;-0,0331982922421128;44,659780152142;270
"21270";1;0;0;10;4;3;0;2;0;0;-0,00116482389505087;-0,0345603650075479;49,090877128765;271
"21271";10;0;3;4;1;2;0;0;0;0;-0,0371056098405215;0,0136588810095126;17,3932922072709;272
"21272";0;0;6;6;4;4;0;0;0;0;-0,0315960220178298;0,000461452972147843;22,2524132113904;273
"21273";0;0;0;0;0;2;0;1;8;9;0,0506088060798336;0,0532277544364157;94,7520664893091;274
"21274";0;0;0;0;0;1;0;6;7;6;0,0463329751484286;0,0389452052565167;90,9810439450666;275
"21275";1;0;8;2;5;3;1;0;0;0;-0,0137123565801725;-0,0278900545030334;38,0247172666714;276
"21276";12;0;6;0;1;0;1;0;0;0;-0,0467668576177902;0,0418761965731704;8,8726599002257;277
"21277";9;5;1;4;0;1;0;0;0;0;-0,0537021523480487;0,0661174816081345;2,75615220889449;278
"21278";6;0;5;5;3;1;0;0;0;0;-0,0484970635104827;0,0476120302835799;7,34672364778817;279
"21279";6;0;10;2;2;0;0;0;0;0;-0,0478614562292036;0,0454808273670484;7,90729057043791;280
"21280";0;0;0;1;0;3;0;5;5;6;0,0414848376622645;0,0242826598449895;86,7052818648517;281
"21281";0;0;2;6;9;3;0;0;0;0;-0,0118819140828141;-0,0295423928823957;39,6390561014414;282
"21282";4;0;4;4;6;2;0;0;0;0;-0,0180146758584715;-0,0230927316287246;34,2303336132318;283
"21283";0;0;2;3;4;9;0;2;0;0;0,00340936797609009;-0,0342801392891952;53,1250358559191;284
"21284";8;2;3;5;1;1;0;0;0;0;-0,0339208603471035;0,00577389431441114;20,2020473545417;285
"21285";0;0;0;0;1;1;0;5;9;4;0,0473715198198044;0,0422978372131466;91,8969771126285;286
"21286";1;0;3;1;7;4;0;2;1;1;0,00674715074735356;-0,0331612261323611;56,0687570367008;287
"21287";0;0;2;7;3;6;1;1;0;0;-0,0181422834891693;-0,0229308679845359;34,1177914524451;288
"21288";3;0;4;8;4;1;0;0;0;0;-0,0270204570638522;-0,00890080706642637;26,2877829140052;289
"21289";0;0;2;4;7;4;0;3;0;0;0,00537778229105719;-0,0337136099359816;54,8610574332997;290
"21290";0;0;0;1;2;1;1;6;7;2;0,0387455213784631;0,0167176556190372;84,2893716879189;291
"21291";12;1;4;1;1;1;0;0;0;0;-0,0461484094763932;0,0398762648104616;9,41809350624681;292
"21292";0;0;1;7;3;4;2;3;0;0;-0,00627686631314521;-0,0331589587953188;44,5823669666424;293
"21293";1;0;0;2;7;4;1;3;1;1;0,0133351541761996;-0,028688486393694;61,8789749452844;294
"21294";1;0;3;4;4;6;0;1;1;0;-0,00323343468690489;-0,034211277046623;47,2664883593097;295
"21295";0;0;0;0;0;1;1;6;7;5;0,0542848541742274;0,0665190349546705;97,9941170895472;296
"21296";0;0;0;0;0;1;0;4;8;7;0,043987342208098;0,031647895003567;88,9123385073617;297
"21297";1;0;5;4;7;3;0;0;0;0;-0,0303487610729276;-0,00223436503852101;23,3524214243516;298
"21298";7;0;5;5;2;0;0;1;0;0;-0,0413508456108541;0,0252616718513834;13,6492527322844;299
"21299";8;1;1;5;4;1;0;0;0;0;-0,042942471855686;0,0299334807995256;12,2455352917314;300
"21300";3;1;2;6;2;6;0;0;0;0;-0,0314151886635156;6,39238959812977e-05;22,4118972197175;301
"21301";0;0;2;2;8;5;0;3;0;0;-0,00672997572927885;-0,0329474291726952;44,1827520495281;302
"21302";5;0;2;4;5;2;1;1;0;0;-0,0249902190150293;-0,0125905759249606;28,078329260461;303
"21303";0;0;1;7;6;6;0;0;0;0;-0,0157269665222798;-0,0258032416454541;36,2479539588094;304
"21304";0;0;2;1;6;7;0;2;2;0;-0,00124311622779257;-0,0345525485372465;49,0218280581757;305
"21305";5;0;7;5;3;0;0;0;0;0;-0,0339330240273022;0,00580267360784293;20,1913197292015;306
"21306";0;0;0;0;4;6;1;6;3;0;0,0235400810339163;-0,0158261701378638;70,8790990989655;307
"21307";0;0;3;4;10;3;0;0;0;0;-0,0109451080622305;-0,0302982816994717;40,4652619734406;308
"21308";4;0;4;9;1;2;0;0;0;0;-0,0161857944901139;-0,025288672414919;35,8432956272736;309
"21309";2;0;4;6;5;3;0;0;0;0;-0,0254330584917329;-0,0118100975087892;27,6877718046308;310
"21310";7;0;5;5;3;0;0;0;0;0;-0,0383817962876931;0,0170156653885217;16,2677734624594;311
"21311";0;0;4;7;2;4;1;1;1;0;-0,0190473598413298;-0,0217504617471889;33,3195692161098;312
"21312";0;0;0;2;0;4;1;4;7;2;0,0357194677204996;0,0089648913868477;81,6205766052008;313
"21313";0;0;0;0;0;1;0;5;5;9;0,0506925334298375;0,0535200679026301;94,8259089142084;314
"21314";0;0;1;2;1;4;2;7;2;1;0,0134808569800237;-0,0285555928057155;62,0074759470299;315
"21315";1;0;13;2;2;1;0;1;0;0;-0,0220510998934035;-0,0174264128758843;30,6704533752054;316
"21316";0;0;0;0;0;1;0;3;8;8;0,0535299753331328;0,0637133060155752;97,3283599130809;317
"21317";0;0;1;2;7;7;0;1;0;2;0,00818881945579786;-0,0324393505494667;57,3402210604399;318
"21318";1;0;5;1;3;4;0;6;0;0;-0,00187067498540546;-0,0344745566967544;48,4683594433591;319
"21319";4;0;6;5;4;1;0;0;0;0;-0,0333456047965884;0,00442453930883167;20,7093877252191;320
"21320";0;0;0;3;4;3;0;5;3;2;0,014220985615167;-0,0278578291724252;62,6602243399248;321
"21321";0;0;1;7;7;2;0;2;1;0;-0,00958730147504774;-0,031285983135074;41,6627647122368;322
"21322";0;0;1;4;9;3;0;1;2;0;0,00159441934218671;-0,0345647329085157;51,5243616653606;323
"21323";0;0;0;6;1;0;1;8;2;2;0,0163180773885389;-0,0256747503221847;64,5097316009924;324
"21324";0;0;0;0;0;4;3;7;5;1;0,0379423182635535;0,0145980231190616;83,5809954442084;325
"21325";0;0;0;0;0;0;0;5;8;7;0,04995880681223;0,0509749558734525;94,1788067109883;326
"21326";0;0;0;0;1;0;0;4;10;5;0,055652248845396;0,0717018445395537;99,2000759346411;327
"21327";0;0;0;0;3;3;1;5;8;0;0,0255733377741114;-0,0124018236412232;72,6723077474162;328
"21328";10;0;5;3;2;0;0;0;0;0;-0,0491436087267123;0,0498086126268331;6,77651013247669;329
"21329";0;0;0;0;4;6;0;2;5;3;0,0265579312010672;-0,0106407149355206;73,5406592022628;330
"21330";0;0;0;0;0;2;0;9;7;2;0,0505162185690341;0,0529050731586673;94,6704099420458;331
"21331";1;0;4;3;6;4;0;2;0;0;-0,00506378452077371;-0,0336552859344627;45,6522312480956;332
"21332";1;0;5;7;3;4;0;0;0;0;-0,0148936379525105;-0,0267005226085948;36,9828990194947;333
"21333";8;0;4;6;2;0;0;0;0;0;-0,0427714592208763;0,029423104985281;12,3963580233976;334
"21334";11;1;4;1;3;0;0;0;0;0;-0,0526131948575623;0,062090746931166;3,71654641348869;335
"21335";0;0;1;2;1;6;0;2;7;1;0,0161976736709597;-0,0258083320864175;64,4035428529605;336
"21336";0;0;4;7;3;3;0;3;0;0;-0,0115306215666416;-0,0298329655362532;39,9488747119904;337
"21337";3;0;4;10;3;0;0;0;0;0;-0,026189057373058;-0,0104463114208529;27,0210268208757;338
"21338";0;0;0;2;2;6;2;6;2;0;0,0165627722022845;-0,0254001804920109;64,7255375282839;339
"21339";0;0;0;0;2;2;3;4;7;2;0,0375872748032424;0,0136753118872431;83,2678687293082;340
"21340";3;0;2;9;3;2;0;0;1;0;-0,022406437025697;-0,0168735551670357;30,3570676594973;341
"21341";0;0;1;1;5;6;1;4;2;0;0,00921428434562109;-0,0318382738077065;58,2446186570451;342
"21342";9;0;8;1;2;0;0;0;0;0;-0,0561116311982963;0,0753191062756544;0,631138565950096;343
"21343";7;0;7;4;2;0;0;0;0;0;-0,0417249378862385;0,0263439520433579;13,3193261222914;344
"21344";0;0;1;3;3;6;1;2;3;1;0,01157854037697;-0,0301749612536038;60,3297485271469;345
"21345";8;0;6;4;1;1;0;0;0;0;-0,0468098267867028;0,0420161339708124;8,83476370945573;346
"21346";1;0;5;3;6;4;0;1;0;0;-0,0100045858925165;-0,0309960300363589;41,2947452627122;347
"21347";0;0;0;2;2;6;3;3;3;1;0,0277724916492938;-0,00837578444321005;74,6118275681511;348
"21348";8;0;10;0;1;0;0;1;0;0;-0,0558902392457915;0,0744568525492789;0,826392788439989;349
"21349";1;0;0;3;2;5;0;3;3;3;0,0149104630405127;-0,0271736867665594;63,2683014497161;350
"21350";0;0;0;2;2;2;0;4;3;7;0,0372567906524509;0,0128242719147657;82,9764018300921;351
"21351";1;0;3;3;3;4;0;6;0;0;0,00869286720654745;-0,0321530032278018;57,7847604872659;352
"21352";7;0;5;4;4;0;0;0;0;0;-0,0519530741761105;0,0596897400207019;4,29873266257346;353
"21353";0;0;5;3;7;2;0;2;1;0;-0,00635073849183447;-0,0331254423684061;44,517216202803;354
"21354";0;1;0;3;0;6;0;6;3;1;0,00729442377200502;-0,0329041432989659;56,5514185233042;355
"21355";0;0;0;0;1;4;0;6;6;3;0,0375765659662299;0,0136476166535778;83,2584241870791;356
"21356";1;0;6;6;5;2;0;0;0;0;-0,0250916717817961;-0,0124129706935408;27,9888540972024;357
"21357";1;0;3;6;4;3;1;0;2;0;-0,0159415362243638;-0,0255644194777578;36,0587165458128;358
"21358";0;0;2;3;6;5;0;2;2;0;0,0049463156077087;-0,0338607526563765;54,4805300887674;359
"21359";0;0;0;2;4;5;0;6;3;0;0,0195948531846476;-0,0216538799117221;67,3996483441442;360
"21360";0;0;0;0;0;1;0;6;7;6;0,0389634839106583;0,017300560199649;84,4816013704985;361
"21361";3;0;7;7;2;1;0;0;0;0;-0,0453645432253702;0,0373794679268978;10,1094158133492;362
"21362";0;0;0;0;0;1;0;8;8;3;0,0418894602078788;0,0254441301640807;87,0621343143284;363
"21363";6;1;8;3;1;0;0;1;0;0;-0,0468310916319694;0,042085434343796;8,81600941065699;364
"21364";0;0;0;0;2;5;0;9;3;1;0,027370538260977;-0,0091366631996387;74,257329152897;365
"21365";6;0;5;5;4;0;0;0;0;0;-0,030347091519724;-0,00223790139333727;23,3538938686252;366
"21366";0;0;3;0;4;5;0;6;1;1;0,00806234253087175;-0,0325084401823355;57,2286761133;367
"21367";0;0;1;1;1;4;0;5;8;0;0,0293140020469793;-0,00535404162211268;75,9713458828628;368
"21368";2;0;5;6;5;2;0;0;0;0;-0,0264797741821002;-0,00991133532544888;26,7646322958171;369
"21369";0;0;1;2;3;4;2;7;0;1;0,0156292601707565;-0,0264254003575425;63,9022367540747;370
"21370";1;0;2;5;9;2;0;0;1;0;0,000730038471463033;-0,0346200787651729;50,7620303658769;371
"21371";0;0;0;0;1;3;0;6;8;2;0,0284287211241796;-0,00710952805169126;75,1905820099637;372
"21372";0;0;1;4;6;4;0;4;1;0;0,00541123993556217;-0,0337016612786604;54,8905650386587;373
"21373";1;0;2;2;3;8;3;1;0;0;-0,00158043342654544;-0,034514017436561;48,7243348266929;374
"21374";9;0;6;2;1;2;0;0;0;0;-0,040782193350366;0,0236350764373667;14,1507694032043;375
"21375";0;0;0;0;1;2;0;7;5;5;0,0381142687267974;0,0150480374913667;83,7326452834532;376
"21376";3;0;3;10;4;0;0;0;0;0;-0,0308065428409245;-0,00125743419574089;22,9486857773736;377
"21377";6;0;8;5;1;0;0;0;0;0;-0,0421313180285714;0,0275306261711515;12,9609235795215;378
"21378";9;0;6;4;1;0;0;0;0;0;-0,054686278391979;0,0698272159225525;1,88821295741946;379
"21379";0;0;0;0;1;2;5;5;7;0;0,0333596769605546;0,00335918049767983;79,5393848326057;380
"21380";0;0;0;0;0;2;0;8;3;7;0,0464109099479397;0,0391942022179132;91,0497776931152;381
"21381";0;0;0;0;0;1;0;5;5;9;0,0412585547407006;0,0236380573807167;86,5057141054422;382
"21382";5;0;11;2;1;0;1;0;0;0;-0,0502265517231284;0,0535526725771782;5,82142034545541;383
"21383";0;0;0;0;0;2;0;6;7;5;0,0469191879321879;0,0408284368591387;91,4980479283258;384
"21384";0;0;2;3;4;3;0;4;4;0;0,00186155635551368;-0,0345371616965403;51,7599602462724;385
"21385";0;0;2;5;7;5;0;0;0;1;-0,00933491485247107;-0,031455503371141;41,8853543465957;386
"21386";4;0;8;6;2;0;0;0;0;0;-0,035200943835209;0,00885877492685606;19,0730916569009;387
"21387";0;0;0;0;1;1;0;7;8;3;0,0375550025914076;0,0135918734708267;83,2394066033885;388
"21388";7;0;9;2;2;0;0;0;0;0;-0,0550511526301392;0,0712196794654582;1,56641609501094;389
"21389";2;0;8;3;6;0;1;0;0;0;-0,0302590493246876;-0,00242411398347102;23,4315417241305;390
"21390";0;0;1;1;1;1;2;10;4;0;0,0299362259747781;-0,00408770972737537;76,5201095025986;391
"21391";0;0;0;0;1;3;4;6;5;1;0,0299749249408123;-0,00400806508274782;76,5542396344244;392
"21392";0;0;1;1;2;6;0;3;4;3;0,0183528197541507;-0,023265464709485;66,3042504806072;393
"21393";0;0;1;2;2;8;0;6;1;0;0,00753576023384939;-0,0327841847828624;56,7642625886947;394
"21394";1;0;5;10;2;2;0;0;0;0;-0,0285069454654158;-0,00601823997469722;24,9767906498164;395
"21395";1;0;1;3;7;5;0;2;1;0;-0,00239886326478157;-0,0343877766068564;48,0025295400992;396
"21396";0;0;1;4;4;7;0;3;0;1;-0,00112281277686106;-0,0345643842655669;49,1279283771291;397
"21397";0;0;0;0;0;0;0;2;8;10;0,0551722420958211;0,0698677349959018;98,7767392070964;398
"21398";0;0;4;5;4;3;0;4;0;0;0,00162039413270956;-0,0345622689555995;51,5472698491067;399
"21399";6;0;4;9;1;0;0;0;0;0;-0,0389444270317495;0,0185313905078738;15,7715674024075;400
"21400";0;0;0;1;2;5;1;3;4;4;0,0320583844892747;0,000432910406043033;78,3917241031304;401
"21401";8;0;5;7;0;0;0;0;0;0;-0,0487245777476642;0,0483816894032982;7,14606994297355;402
"21402";4;0;6;2;4;2;0;2;0;0;-0,0249709815465952;-0,0126241730248693;28,0952955363318;403
"21403";7;0;5;5;2;0;0;1;0;0;-0,0361761782761171;0,0112851578246127;18,2129942579195;404
"21404";0;0;0;0;0;1;0;2;9;8;0,0541988308288705;0,0661973116120683;97,91824973654;405
"21405";0;0;0;1;1;1;0;5;6;6;0,0441249867467094;0,0320655862665151;89,0337326098233;406
"21406";0;0;0;1;2;7;0;4;4;2;0,0136631640534201;-0,0283872423361338;62,1682596858591;407
"21407";6;0;5;4;3;2;0;0;0;0;-0,0355789487010417;0,00979143374812334;18,7397143803537;408
"21408";0;0;3;3;3;8;0;3;0;0;-0,00615614959889009;-0,0332129155993546;44,6888317586854;409
"21409";0;0;0;0;1;3;0;7;8;1;0,0418500011372315;0,0253303638409351;87,0273338165134;410
"21410";0;0;0;0;0;3;1;2;10;4;0,0424654234064959;0,0271169907887827;87,5700987875462;411
"21411";2;0;2;8;3;3;1;1;0;0;-0,00415705596011416;-0,033959714607799;46,4519106317312;412
"21412";6;0;11;2;1;0;0;0;0;0;-0,0474987941404582;0,0442773506989154;8,22713645175099;413
"21413";3;0;7;4;3;3;0;0;0;0;-0,0266624708381507;-0,00957214266857684;26,6035049688071;414
"21414";0;0;3;5;6;6;0;0;0;0;-0,0175105023652145;-0,0237212199977389;34,6749839372933;415
"21415";2;0;1;2;0;10;1;0;4;0;0,00319584368184773;-0,0343254613320807;52,9367204289883;416
"21416";0;0;0;0;0;8;6;3;3;0;0,0217248878317601;-0,0186413711621156;69,2782092140988;417
"21417";0;0;0;0;5;3;0;2;6;4;0,0278936833233327;-0,00814417898535849;74,718711245805;418
"21418";4;0;2;6;3;3;0;2;0;0;-0,0168004521667899;-0,0245764948341132;35,301204980351;419
"21419";2;0;10;6;2;0;0;0;0;0;-0,0399127255708626;0,0211913133812897;14,9175870465115;420
"21420";6;1;4;7;1;1;0;0;0;0;-0,0485110105272582;0,0476591085811733;7,334423228167;421
"21421";7;0;8;3;1;1;0;0;0;0;-0,0490474569187461;0,04948011256188;6,86131017282605;422
"21422";2;0;5;4;8;0;0;1;0;0;-0,0177731946198246;-0,0233959518298062;34,4433053629473;423
"21423";9;0;5;4;0;2;0;0;0;0;-0,0452812675768781;0,0371167160017735;10,1828598650172;424
"21424";6;0;4;5;5;0;0;0;0;0;-0,0301047312187193;-0,00274920759329317;23,5676408978179;425
"21425";0;0;0;0;0;2;0;4;3;11;0,052132586915979;0,0586236426159744;96,0959484102204;426
"21426";0;0;0;1;6;6;0;4;1;2;0,0113572857829085;-0,0303470374549905;60,1346154464409;427
"21427";6;0;8;2;3;1;0;0;0;0;-0,0433004444062628;0,031008382978267;11,9298252975568;428
"21428";3;0;7;7;2;1;0;0;0;0;-0,0271716318711347;-0,00861464196373235;26,1544559383765;429
"21429";5;0;4;5;4;1;1;0;0;0;-0,0315872812635765;0,00044218593571434;22,2601220244542;430
"21430";0;0;0;0;0;0;0;3;10;7;0,0545614879544432;0,0675571063725502;98,238091240637;431
"21431";0;0;1;1;3;10;0;2;2;1;0,010473025821685;-0,031000902841849;59,35475199949;432
"21432";0;0;0;2;8;6;0;3;0;1;0,00984978592188249;-0,0314292243405997;58,8050923543051;433
"21433";0;0;0;0;0;3;0;5;6;6;0,0418239478863409;0,0252553075751235;87,0043564355001;434
"21434";6;0;7;4;3;0;0;0;0;0;-0,0356645363431986;0,010003979720393;18,6642312910408;435
"21435";0;0;0;1;2;7;0;6;2;2;0,0180408432742133;-0,0236534784130869;66,0291062202305;436
"21436";1;0;1;1;7;6;0;2;2;0;-0,00152037212058163;-0,0345214547379946;48,7773052416742;437
"21437";0;0;0;0;2;2;0;8;4;4;0,0272683038209158;-0,00932840332384858;74,1671646013856;438
"21438";0;0;1;2;4;2;0;8;3;0;0,00897025177222774;-0,0319879167205014;58,0293967854232;439
"21439";0;0;0;0;0;3;0;5;4;8;0,0424554846004419;0,0270879291539534;87,5613333657384;440
"21440";3;0;5;3;7;1;0;1;0;0;-0,0224617683753149;-0,0167866800723673;30,3082687780261;441
"21441";0;0;0;2;2;2;0;5;3;6;0,0281957354907363;-0,00756251022043093;74,9851028667763;442
"21442";0;0;0;0;1;2;0;7;5;5;0,0291866860554751;-0,00560984704139146;75,8590609300882;443
"21443";4;0;8;1;6;1;0;0;0;0;-0,0354936116199046;0,00958001508203148;18,8149764901027;444
"21444";0;0;0;0;2;2;1;6;8;1;0,0413889034946995;0,0240089432907308;86,620673770085;445
"21445";8;0;3;5;1;1;1;1;0;0;-0,0391765571251054;0,0191631362846682;15,566842793487;446
"21446";8;1;2;7;0;2;0;0;0;0;-0,0535568287517358;0,0655753572462909;2,88431877270341;447
"21447";1;0;1;1;4;7;0;5;1;0;0,00928873476032526;-0,0317917991249354;58,3102793898433;448
"21448";0;0;3;7;3;6;0;1;0;0;-0,00131058789373783;-0,0345454718199532;48,9623221568763;449
"21449";4;0;6;5;3;1;0;1;0;0;-0,0294417259835565;-0,0041271611215281;24,1523711476475;450
"21450";3;0;5;4;5;2;1;0;0;0;-0,0299821484571429;-0,00300627073167182;23,6757514299825;451
"21451";1;0;5;5;6;3;0;0;0;0;-0,0188839215095985;-0,0219678161935951;33,4637118736282;452
"21452";0;0;0;0;0;3;4;3;9;1;0,0330134578100365;0,0025691734372972;79,2340406216681;453
"21453";0;0;0;0;0;0;0;4;11;5;0,0546002818543545;0,0677031046380456;98,2723050983623;454
"21454";0;0;0;2;4;5;2;5;2;0;0,0129532927140103;-0,0290298014147665;61,5421963855624;455
"21455";0;0;0;0;3;2;0;5;6;4;0,0239822104601312;-0,0151059089932911;71,2690303334966;456
"21456";0;0;0;0;0;0;0;10;6;4;0,0381796821280802;0,0152197696129741;83,7903359206393;457
"21457";0;0;1;4;4;4;0;6;0;1;-0,0042410333695407;-0,0339339121295431;46,3778476696461;458
"21458";0;0;2;3;4;6;0;3;2;0;0,00705960873423864;-0,0330169887755106;56,3443259568885;459
"21459";2;0;7;4;3;3;0;0;1;0;-0,0290172005347735;-0,00499348488458216;24,5267767459154;460
"21460";0;0;0;1;1;3;0;4;6;5;0,0392832871818833;0,0181617759602673;84,7636483842507;461
"21461";2;0;5;5;6;1;0;1;0;0;-0,0185730187117469;-0,0223761751461078;33,7379092117772;462
"21462";0;0;0;0;0;4;0;4;6;6;0,0530131332624582;0,0618150699294462;96,8725366750732;463
"21463";0;0;0;0;2;3;0;3;7;5;0,0385965828764623;0,0163212365296806;84,1580169973895;464
"21464";8;0;4;6;2;0;0;0;0;0;-0,0469732444473479;0,0425495030025654;8,69063928257674;465
"21465";6;1;6;4;2;1;0;0;0;0;-0,037343319199945;0,0142755859888146;17,1836470253766;466
"21466";2;0;5;5;8;0;0;0;0;0;-0,0202712601885093;-0,020064018491467;32,2401636280119;467
"21467";0;0;0;0;0;1;0;7;4;8;0,0485343838615907;0,0461404389813684;92,922552395612;468
"21468";0;0;0;1;2;2;1;8;4;2;0,0295574935025533;-0,00486168814312416;76,1860905215144;469
"21469";10;5;0;4;1;0;0;0;0;0;-0,0509132679612837;0,0559689373483061;5,21577843464911;470
"21470";4;0;9;6;1;0;0;0;0;0;-0,0345367109012088;0,0072438715237954;19,6589046623558;471
"21471";2;1;4;6;2;4;0;1;0;0;-0,0258596203196988;-0,0110454661246505;27,31157024391;472
"21472";0;0;0;1;3;3;0;6;4;3;0,0271337126894853;-0,00957972453575647;74,0484634181485;473
"21473";0;0;0;0;0;1;0;3;6;10;0,0513471166097916;0,0558221187084316;95,4032114241272;474
"21474";0;0;0;1;2;4;3;7;3;0;0,0251129405461212;-0,0132022844986776;72,2662654239684;475
"21475";0;0;0;0;2;1;0;2;10;5;0,0348841873566814;0,00693657980698771;80,8839101810008;476
"21476";3;0;10;5;2;0;0;0;0;0;-0,0355928793499074;0,00982599416924512;18,7274283962324;477
"21477";5;0;6;3;4;2;0;0;0;0;-0,0410680871963746;0,0244500593312515;13,8986284378916;478
"21478";13;0;2;0;3;1;1;0;0;0;-0,0501626592438679;0,0533295225210826;5,87776962202042;479
"21479";0;0;2;3;6;8;0;1;0;0;-0,00210355066345443;-0,0344386770759999;48,2629772741348;480
"21480";2;0;4;8;4;2;0;0;0;0;-0,0284932054235002;-0,00604558506463971;24,9889085302129;481
"21481";5;0;4;9;0;0;1;0;1;0;-0,0401900760279308;0,0219651598457725;14,6729808300734;482
"21482";7;0;8;3;1;1;0;0;0;0;-0,0512214593620704;0,0570639501376904;4,94397238362581;483
"21483";0;0;0;1;3;2;0;11;0;3;0,0304821631667877;-0,00295455155503026;77,0015928661451;484
"21484";5;0;5;5;2;2;0;0;1;0;-0,0248499732195463;-0,0128349192618025;28,2020175131038;485
"21485";2;0;3;5;2;5;2;0;1;0;-0,0150995108560991;-0,0264833232560238;36,8013316532597;486
"21486";7;0;10;1;1;1;0;0;0;0;-0,0473050601540047;0,0436381862894868;8,3979980321601;487
"21487";7;0;6;3;4;0;0;0;0;0;-0,0421537467378271;0,0275964534617984;12,9411428235471;488
"21488";4;0;2;6;4;2;0;2;0;0;-0,0181400655581864;-0,0229336909444916;34,1197475325316;489
"21489";0;0;1;5;3;5;0;3;2;1;-0,00232346525369706;-0,0344013464539531;48,0690259952098;490
"21490";6;0;5;5;3;1;0;0;0;0;-0,0301307754936594;-0,00269445720773151;23,5446714330465;491
"21491";0;0;0;0;0;2;0;10;4;4;0,0413855238909154;0,0239993123263846;86,6176931653172;492
"21492";0;0;0;0;2;0;0;3;4;11;0,0383463232637694;0,0156585974963447;83,9373032562435;493
"21493";2;0;6;7;4;1;0;0;0;0;-0,0346388028612548;0,00749009339779461;19,5688657695428;494
"21494";0;0;0;0;1;2;0;7;2;8;0,04043553629094;0,0213234632490893;85,779861942865;495
"21495";9;3;3;2;2;1;0;0;0;0;-0,0470301962728397;0,0427358192039503;8,64041124004871;496
"21496";0;0;0;0;0;1;0;5;8;6;0,041334553691675;0,0238541568522725;86,5727405529469;497
"21497";0;0;0;0;0;0;1;6;6;7;0,0526522327568095;0,0605005384551777;96,554244402796;498
"21498";0;0;0;0;0;5;0;4;4;7;0,0327700184941753;0,00201866115127046;79,0193419670686;499
"21499";2;0;3;5;5;3;0;2;0;0;-0,0158166774785242;-0,0257037786637109;36,1688343575224;500
"21500";3;0;4;7;4;2;0;0;0;0;-0,0316391752201286;0,000556652090544897;22,2143547143787;501
"21501";0;0;0;0;0;1;0;3;6;10;0,0437050026273114;0,0307952232162832;88,6633321875706;502
"21502";0;0;0;0;0;0;0;5;10;5;0,0511057103467317;0,0549696827168016;95,1903057983145;503
"21503";1;0;4;1;9;5;0;0;0;0;-0,0180491904211547;-0,0230490629579577;34,199893870391;504
"21504";10;0;6;3;1;0;0;0;0;0;-0,0509293172512792;0,0560257985784912;5,2016239380464;505
"21505";0;0;2;5;2;5;2;4;0;0;0,00902198265687808;-0,0319565393510462;58,07502027601;506
"21506";0;0;1;7;4;2;0;2;2;2;0,00955481216268889;-0,0316225664431891;58,5449434584007;507
"21507";0;0;4;2;8;4;0;1;1;0;-0,0151017004336382;-0,0264809974403753;36,7994005791843;508
"21508";2;0;6;7;3;1;1;0;0;0;-0,0320654742375422;0,00150402858357245;21,8383849365637;509
"21509";0;0;0;0;1;2;1;8;4;4;0,0512377738240853;0,0554355155144814;95,306777744554;510
"21510";0;0;1;1;2;8;1;3;4;0;0,0101039093116925;-0,0312578260976677;59,0292137116194;511
"21511";7;0;9;2;1;1;0;0;0;0;-0,0399929118819717;0,0214144969343563;14,8468676023185;512
"21512";0;0;0;0;0;1;0;4;10;5;0,0550255954179962;0,0693105789539593;98,6474057659507;513
"21513";0;0;3;3;5;7;0;2;0;0;0,00164367286448313;-0,034560021047821;51,5678002731875;514
"21514";0;0;6;5;4;3;0;0;1;1;-0,0156185561794374;-0,0259226930076501;36,3435652805492;515
"21515";0;0;0;0;1;1;0;4;5;9;0,0511927806839214;0,0552766737558129;95,2670965343714;516
"21516";0;0;0;4;1;5;0;3;5;2;0,0241865969463074;-0,0147683729540087;71,4492867700756;517
"21517";0;0;0;0;0;0;0;6;11;3;0,0423198955809081;0,0266921423898285;87,4417521059513;518
"21518";14;4;1;1;0;0;0;0;0;0;-0,0535533343085843;0,0655623393609411;2,8874006588012;519
"21519";2;0;11;2;5;0;0;0;0;0;-0,034491861349854;0,00713593311788746;19,6984592359513;520
"21520";1;0;2;7;5;4;0;1;0;0;-0,0026007520871157;-0,0343495029939443;47,8244758909568;521
"21521";0;0;0;0;0;7;1;2;6;4;0,0374802012962362;0,013398755269625;83,1734364153817;522
"21522";3;0;10;4;2;1;0;0;0;0;-0,0323880404119483;0,00222924094666935;21,5539012104273;523
"21523";0;0;1;0;1;1;0;8;7;2;0,036924855697651;0,0119771096126455;82,6836554100737;524
"21524";1;0;4;4;9;1;0;1;0;0;-0,019952380859395;-0,0205134033405958;32,5213957810774;525
"21525";5;0;5;2;7;1;0;0;0;0;-0,0328150207832088;0,00320028541482855;21,177330520004;526
"21526";3;0;9;4;3;1;0;0;0;0;-0,0447573863809773;0,0354747762196133;10,644891182892;527
"21527";1;0;5;3;9;2;0;0;0;0;-0,00495102448509075;-0,033696244479915;45,7516787340865;528
"21528";6;0;7;3;4;0;0;0;0;0;-0,024133047363795;-0,014062704860656;28,834302467294;529
"21529";2;0;4;4;5;3;0;2;0;0;-0,0102568119775775;-0,0308149216037022;41,0722972126678;530
"21530";0;0;0;0;3;5;0;4;5;3;0,0241433072039606;-0,0148401056973517;71,411107853055;531
"21531";1;0;2;4;4;5;0;4;0;0;0,000643262360652604;-0,034622777001049;50,6854991195723;532
"21532";1;0;2;8;3;5;1;0;0;0;-0,016554301453864;-0,0248648400561314;35,5182949220762;533
"21533";0;0;0;3;6;5;1;4;1;0;0,0168542259632673;-0,0250677320445288;64,9825820000842;534
"21534";0;0;0;1;1;1;1;6;7;3;0,031619106933751;-0,000528435959240951;78,0043080449104;535
"21535";3;0;6;7;2;2;0;0;0;0;-0,0323623158128473;0,00217114096795207;21,5765887405723;536
"21536";2;0;4;7;2;4;0;1;0;0;-0,0154852028579886;-0,0260685113002335;36,4611747907475;537
"21537";6;0;11;0;1;1;0;1;0;0;-0,0478398781232624;0,0454089666128213;7,92632114607841;538
"21538";0;0;3;2;7;6;0;2;0;0;0,00252196057140366;-0,0344477908277795;52,3423965554684;539
"21539";0;0;7;1;3;9;0;0;0;0;-0,00721053816939278;-0,0327075468888725;43,7589252367616;540
"21540";0;0;1;4;6;3;0;6;0;0;-0,000382464838125757;-0,0346151580109964;49,7808701824397;541
"21541";10;6;1;3;0;0;0;0;0;0;-0,0551422617490821;0,071568816227274;1,48606339935213;542
"21542";3;0;7;4;5;1;0;0;0;0;-0,0141675049098752;-0,0274431712461366;37,6233041519299;543
"21543";0;0;0;5;2;4;2;6;1;0;0,00913333898589309;-0,0318883673216932;58,1732297781855;544
"21544";0;0;1;1;4;5;0;2;2;5;0,0207077117834794;-0,0201191598917294;68,3811218710616;545
"21545";0;0;4;8;4;0;1;3;0;0;-0,00671727087846109;-0,032953554050756;44,1939569544047;546
"21546";0;0;0;0;0;1;0;4;8;7;0,0420663235784608;0,0259553781527495;87,2181170387194;547
"21547";10;0;5;4;1;0;0;0;0;0;-0,0508369745199315;0,0556988803098952;5,28306460473686;548
"21548";0;0;0;2;2;3;1;5;6;1;0,0251053004018055;-0,0132154440698083;72,259527281858;549
"21549";0;0;2;1;5;4;0;6;1;1;0,0146075582898055;-0,0274783022909232;63,0011579021811;550
"21550";0;0;1;5;4;4;1;3;1;1;0,00743136219370598;-0,032836571816661;56,6721898736432;551
"21551";1;0;1;0;6;6;0;4;0;2;0,0054866245091207;-0,0336744552350487;54,9570496426895;552
"21552";0;0;0;0;2;2;0;5;5;6;0,0490576019987439;0,0478999233400486;93,3839989360422;553
"21553";0;0;2;5;7;4;0;1;1;0;-0,00635612250457767;-0,0331229848209767;44,5124678313732;554
"21554";3;0;11;5;0;0;0;0;1;0;-0,0311686684846248;-0,000474357709952178;22,6293130079284;555
"21555";0;0;2;9;4;3;0;2;0;0;-0,00886112481985264;-0,0317618199484454;42,3032083082944;556
"21556";0;0;8;6;3;3;0;0;0;0;-0,0178833919688236;-0,0232580815202463;34,3461180105805;557
"21557";0;0;4;4;5;3;0;3;1;0;-0,0117156162772337;-0,0296810118665375;39,7857206407934;558
"21558";0;0;0;0;0;0;0;6;5;9;0,0476837512167376;0,0433203871212246;92,1723461942747;559
"21559";1;0;8;7;3;1;0;0;0;0;-0,0306875823241957;-0,0015126979866323;23,0536017101258;560
"21560";0;0;0;0;0;0;0;2;10;8;0,0536596723011219;0,0641925552289673;97,4427447421476;561
"21561";0;0;2;2;4;5;0;3;2;2;0,0101035972654114;-0,0312580393055321;59,0289385057986;562
"21562";8;0;5;6;0;1;0;0;0;0;-0,0340757208116843;0,00614105968558551;20,06546985358;563
"21563";0;0;0;1;1;1;0;5;5;7;0,0533598960915817;0,0630866038691151;97,1783603774384;564
"21564";0;0;1;3;1;8;1;1;5;0;0,0110705074097722;-0,0305650285886798;59,8816943820566;565
"21565";0;0;3;6;5;3;0;2;0;1;-0,00764994027943049;-0,0324742133726049;43,3713993290439;566
"21566";0;0;0;0;2;2;2;4;10;0;0,0318221281514475;-8,57906941198286e-05;78,1833603978157;567
"21567";3;0;6;4;4;3;0;0;0;0;-0,0330023529105257;0,00363030347887222;21,0121149895713;568
"21568";8;0;8;2;1;1;0;0;0;0;-0,044800169430915;0,0356081534350527;10,6071591377258;569
"21569";0;0;0;0;2;0;0;8;5;5;0,0445798143973785;0,0334551211185593;89,4348629051819;570
"21570";0;0;0;1;1;4;0;6;5;3;0,021449966055714;-0,0190478530289878;69,03574494645;571
"21571";0;0;0;1;3;4;0;3;7;2;0,0274546938430221;-0,00897828672989505;74,3315492523834;572
"21572";1;0;4;4;7;3;0;1;0;0;-0,00575745952299794;-0,0333839477416983;45,0404521310702;573
"21573";0;0;0;2;5;3;1;8;0;1;0,0100992959899041;-0,0312609774958368;59,0251450426877;574
"21574";0;0;0;1;0;3;2;9;2;3;0,0245110801461539;-0,0142265598019708;71,7354611959308;575
"21575";2;0;7;1;5;4;0;1;0;0;-0,0109805059112482;-0,0302708247891663;40,4340432258323;576
"21576";0;0;3;5;5;4;0;2;1;0;-0,000749570418395044;-0,0345947260743071;49,4571054121479;577
"21577";0;0;2;1;5;5;1;4;1;1;0,00684327301388248;-0,0331175740649308;56,1535310233012;578
"21578";0;0;2;4;3;7;0;3;0;1;0,00344080402533064;-0,0342732001207647;53,1527605373412;579
"21579";1;0;5;5;3;3;0;2;1;0;-0,0165262156517692;-0,0248974735539781;35,5430648894981;580
"21580";0;0;0;2;3;3;2;7;3;0;0,0237056650666284;-0,0155580072485215;71,0251341341063;581
"21581";3;0;6;7;0;4;0;0;0;0;-0,0289941738424117;-0,00504011831849029;24,5470848865807;582
"21582";0;0;1;1;3;4;0;5;5;1;0,0191667409724217;-0,0222214371047969;67,0220794389024;583
"21583";1;0;4;8;5;2;0;0;0;0;-0,0172412573762989;-0,0240496425669379;34,9124416243285;584
"21584";1;0;0;4;7;2;0;4;1;1;-0,0070513939324083;-0,0327887581052752;43,8992807641625;585
"21585";4;0;3;7;3;3;0;0;0;0;-0,0295440745765889;-0,00391643240175149;24,0621059201658;586
"21586";3;0;3;3;10;1;0;0;0;0;-0,0173253157804793;-0,0239476479094197;34,838307229802;587
"21587";0;0;1;0;4;5;0;8;0;2;0,0270330528423508;-0,00976686609686724;73,9596875617281;588
"21588";0;0;0;0;1;4;0;5;4;6;0,0384653130315371;0,0159731185206624;84,042244986631;589
"21589";0;0;1;3;2;5;1;4;4;0;0,0180821519450724;-0,0236024888428931;66,065537952818;590
"21590";3;0;8;4;3;2;0;0;0;0;-0,0265140926730634;-0,00984779630451667;26,7343654762954;591
"21591";0;0;0;0;4;9;1;3;2;1;0,00983069074866459;-0,0314419227831063;58,7882515741512;592
"21592";1;0;8;6;4;1;0;0;0;0;-0,0298093719688491;-0,00336682598654686;23,8281297730282;593
"21593";0;0;4;5;4;6;0;1;0;0;-0,00719478004339339;-0,0327156664903758;43,7728229444474;594
"21594";0;0;1;4;2;5;2;4;2;0;0,00717991804593786;-0,0329596485361001;56,4504314446822;595
"21595";0;0;2;2;1;8;0;1;2;4;0,0105121210495364;-0,0309731380301883;59,3892316101119;596
"21596";0;0;4;6;4;4;1;0;1;0;-0,00393202616044768;-0,0340264483534046;46,6503732139245;597
"21597";0;0;1;2;3;8;1;4;1;0;0,00762981417737127;-0,0327363421157913;56,8472124403343;598
"21598";0;0;3;2;5;6;1;1;2;0;-0,0144738425392731;-0,0271343190345436;37,3531330144033;599
"21599";0;0;1;0;1;1;1;10;3;3;0,0413737184303435;0,0239656761374605;86,6072814678773;600
"21600";0;0;0;2;2;6;4;3;3;0;0,0202237012847584;-0,0207971878897007;67,9542540805414;601
"21601";0;0;0;0;2;0;0;6;7;5;0,0413747162392473;0,0239685187271502;86,6081614745781;602
"21602";0;0;2;1;2;3;0;2;6;4;0,0317954273913235;-0,000144169129930897;78,1598119530827;603
"21603";0;0;0;0;0;2;1;3;7;7;0,0439699685429975;0,0315952667494489;88,897015992552;604
"21604";0;0;0;0;3;1;0;4;6;6;0,0485033781827795;0,0460367677300314;92,8952072747052;605
"21605";0;0;4;3;8;4;0;1;0;0;-0,0148108036567873;-0,0267870860861588;37,0559538248926;606
"21606";0;0;0;0;2;3;0;6;7;2;0,0330216811799396;0,0025878413793937;79,2412931332365;607
"21607";0;0;0;0;0;0;0;7;6;7;0,0482158074444078;0,0450784123019099;92,641587392427;608
"21608";0;0;0;0;0;0;1;9;5;5;0,0454107801801628;0,0360307847645882;90,1677241316065;609
"21609";0;0;0;1;4;2;0;5;5;3;0,0264607136573714;-0,0108175918204323;73,454919247888;610
"21610";0;0;0;0;0;0;0;3;12;5;0,0473685895415452;0,0422882726041318;91,8943927856162;611
"21611";4;0;8;6;1;1;0;0;0;0;-0,0377636319447329;0,0153756077371095;16,8129567755386;612
"21612";0;0;0;2;2;7;1;8;0;0;0,00376130871429201;-0,0341985463467021;53,4354261588305;613
"21613";0;0;2;5;5;4;0;3;1;0;-0,00215746143689727;-0,0344298355790613;48,2154312543571;614
"21614";2;0;6;8;4;0;0;0;0;0;-0,032731491643313;0,00300932895628212;21,2509981356561;615
"21615";0;0;0;2;3;3;1;7;3;1;0,0150149950335183;-0,0270670896385778;63,3604923030362;616
"21616";1;0;4;6;6;3;0;0;0;0;-0,00866618816162385;-0,0318833372657603;42,4751305719838;617
"21617";0;0;1;3;4;4;2;3;3;0;0,01460401373973;-0,027481829248053;62,9980318248272;618
"21618";0;0;1;5;4;7;0;3;0;0;-0,00268798082343293;-0,034332093114598;47,7475454565138;619
"21619";3;0;6;4;5;2;0;0;0;0;-0,025789607878949;-0,011171830971731;27,37331695389;620
"21620";11;7;0;2;0;0;0;0;0;0;-0,0523004576130154;0,0609494896445269;3,9923616219312;621
"21621";2;0;2;6;4;4;0;1;0;1;-0,0161282389527476;-0,0253540198703877;35,8940561069176;622
"21622";0;0;1;6;6;5;0;1;1;0;0,00205749451862588;-0,0345137971121965;51,9327657762915;623
"21623";5;0;4;8;3;0;0;0;0;0;-0,0329857151941713;0,00359201351459296;21,0267884423956;624
"21624";7;0;6;5;1;0;1;0;0;0;-0,0451916197690859;0,0368343953813001;10,2619237732142;625
"21625";7;0;5;7;1;0;0;0;0;0;-0,0453565765412531;0,0373543106132471;10,1164419436827;626
"21626";0;0;0;1;1;0;0;7;3;8;0,0565013919576539;0,0749855078310875;99,9489684589207;627
"21627";0;0;3;2;8;6;0;1;0;0;-0,0025063554998812;-0,0343677498310032;47,9077279334888;628
"21628";0;0;1;5;6;7;0;1;0;0;0,00103713419908509;-0,0346063415641309;51,0328700998798;629
"21629";0;0;0;1;7;6;0;4;2;0;0,0116794202404926;-0,0300953787646654;60,4187184246257;630
"21630";0;0;2;0;6;5;0;4;3;0;0,00674553824423573;-0,0331619529623942;56,0673349071294;631
"21631";4;0;7;5;1;3;0;0;0;0;-0,0370629163916901;0,0135485331221357;17,4309452297166;632
"21632";0;0;1;0;2;4;0;7;2;4;0,0296307440438668;-0,00471276802242638;76,2506930390373;633
"21633";0;0;2;2;6;4;0;2;1;3;0,0125648253482083;-0,0293666590150911;61,1995918210596;634
"21634";5;0;8;6;1;0;0;0;0;0;-0,0489396006560517;0,0491123864485073;6,956432829611;635
"21635";11;5;2;1;1;0;0;0;0;0;-0,0547380228197548;0,0700241262857852;1,84257752262056;636
"21636";0;0;3;3;7;5;0;2;0;0;0,00747893657965159;-0,0328127925530874;56,7141475854442;637
"21637";1;0;0;9;6;4;0;0;0;0;-0,0143076739873807;-0,0273026580965028;37,4996835598722;638
"21638";8;0;8;3;1;0;0;0;0;0;-0,0447223177381462;0,035365543394667;10,6758195906878;639
"21639";0;0;0;3;3;9;1;2;1;1;0,00473588331723463;-0,0339278389826099;54,2949416209012;640
"21640";0;0;4;7;5;3;0;0;1;0;-0,00676329245136008;-0,0329313144308237;44,1533687291667;641
"21641";4;0;3;8;5;0;0;0;0;0;-0,0258753496698567;-0,0110170296574822;27,2976979147643;642
"21642";2;0;6;7;4;0;0;1;0;0;-0,0214344207798622;-0,018365128335856;31,2143268063664;643
"21643";0;0;2;3;4;6;0;3;1;1;0,00900490440615035;-0,0319669186566715;58,0599582986906;644
"21644";0;0;2;1;3;3;2;4;4;1;0,0197047223570544;-0,0215061773935952;67,4965462647378;645
"21645";8;0;5;5;1;1;0;0;0;0;-0,0413478521841428;0,0252530507036018;13,6518927523866;646
"21646";0;0;1;5;6;4;0;2;2;0;0,00194920244713199;-0,034527039019371;51,83725876268;647
"21647";0;0;0;0;0;0;0;7;8;5;0,0392716529243684;0,0181303212833519;84,7533876774833;648
"21648";9;1;5;3;0;2;0;0;0;0;-0,0527400632131322;0,0625556528331349;3,60465624835342;649
"21649";0;0;1;1;4;6;0;2;3;3;0,0161327308998845;-0,025879965971709;64,3462672829628;650
"21650";1;0;0;1;10;4;0;1;3;0;-0,00657192624146416;-0,0330228277790172;44,3221420748159;651
"21651";8;0;4;5;2;1;0;0;0;0;-0,049625425872715;0,0514643705746263;6,3515767455101;652
"21652";7;2;0;5;6;0;0;0;0;0;-0,0517144360434029;0,058829186262561;4,5091969659552;653
"21653";1;0;1;5;6;2;0;4;0;1;-0,00551186151742747;-0,0334838264943714;45,2570546185598;654
"21654";0;0;0;2;3;5;0;4;2;4;0,0215098816080807;-0,0189597117671781;69,0885868156329;655
"21655";4;0;9;3;2;1;1;0;0;0;-0,0348819990344553;0,00807953323859085;19,3543815519661;656
"21656";0;0;1;1;5;8;0;1;2;2;0,0132044885975459;-0,0288064143016605;61,7637358605862;657
"21657";3;0;5;6;4;2;0;0;0;0;-0,0100709967331051;-0,030948771688861;41,2361749447882;658
"21658";7;0;7;4;2;0;0;0;0;0;-0,038723591614579;0,0179338470929367;15,9663307946175;659
"21659";0;0;3;3;4;6;1;2;1;0;0,00311047837926614;-0,0343426972331028;52,8614334296435;660
"21660";2;0;9;6;1;2;0;0;0;0;-0,0362390937759591;0,0114439532190137;18,1575066177174;661
"21661";4;0;6;4;1;3;1;1;0;0;-0,0346335351662709;0,00747737129147689;19,5735115557909;662
"21662";0;0;0;0;0;0;0;5;8;7;0,0487681108557504;0,046924076083621;93,1286853738129;663
"21663";0;0;1;1;5;5;0;3;3;2;0,0116253911429015;-0,0301380890941368;60,3710680501536;664
"21664";2;0;5;7;4;2;0;0;0;0;-0,0181672893786292;-0,0228990171710218;34,0957377804443;665
"21665";0;0;0;1;1;10;0;5;2;1;0,0131681880583005;-0,0288389662860272;61,731720995158;666
"21666";8;0;5;5;2;0;0;0;0;0;-0,0494448071492186;0,0508417930789686;6,51087146252394;667
"21667";0;0;2;6;6;5;0;1;0;0;-0,00538301573354977;-0,0335345543761393;45,3706887550652;668
"21668";1;0;5;2;7;4;1;0;0;0;-0,021134448313803;-0,0188122283302247;31,4788842573762;669
"21669";12;1;4;3;0;0;0;0;0;0;-0,0539516233706854;0,0670515344948344;2,53613395616412;670
"21670";9;1;5;4;1;0;0;0;0;0;-0,0526696095252129;0,0622973394362991;3,6667921114713;671
"21671";0;0;0;0;1;2;2;5;8;2;0,0390221279140291;0,0174579555313383;84,5333218108863;672
"21672";0;0;2;4;1;7;0;3;2;1;0,0131393169397315;-0,0288647908921703;61,7062584264204;673
"21673";0;0;0;1;2;2;0;7;4;4;0,0433637675581394;0,0297720537719189;88,3623836329207;674
"21674";1;0;5;5;5;2;1;1;0;0;-0,0258200996053911;-0,0111168384459871;27,3464251076803;675
"21675";1;0;5;3;5;5;0;1;0;0;-0,0179646242157714;-0,0231559116311083;34,2744761146605;676
"21676";3;0;6;6;3;2;0;0;0;0;-0,0383507552594766;0,0169326790784318;16,2951497593895;677
"21677";0;0;2;3;8;5;0;2;0;0;0,0032287060096319;-0,034318691647086;52,9657030012459;678
"21678";3;0;3;6;5;2;0;1;0;0;-0,0191408694198502;-0,0216252726377622;33,2370994612575;679
"21679";0;0;3;1;4;3;0;4;2;3;0,017328522265897;-0,0245141470870337;65,4008824611083;680
"21680";0;0;0;1;4;7;0;3;3;2;0,0174861679679359;-0,0243266979773007;65,5399163719267;681
"21681";0;0;2;8;7;2;0;1;0;0;-0,00486410750465627;-0,0337272149335112;45,8283342188224;682
"21682";0;0;4;3;5;5;0;1;1;1;-0,00209481516277226;-0,0344400907699485;48,2706814538687;683
"21683";3;0;9;5;2;1;0;0;0;0;-0,0313471986892254;-8,49538412431172e-05;22,4718602374196;684
"21684";9;0;4;3;3;1;0;0;0;0;-0,0445649346618607;0,0348763708181008;10,8146218815818;685
"21685";0;0;5;4;6;5;0;0;0;0;-0,0125872497688077;-0,0289331659959003;39,0169929713011;686
"21686";0;0;1;2;3;5;1;5;2;1;0,0147802882879554;-0,0273053753123962;63,1534952437505;687
"21687";0;0;0;1;0;0;0;7;8;4;0,0435471808118426;0,0303210032408677;88,5241429554299;688
"21688";0;0;7;3;3;6;0;0;1;0;-0,00681023445518905;-0,0329084789122049;44,1119687398896;689
"21689";2;0;4;9;3;1;0;0;1;0;-0,0273604598406121;-0,00825497852580984;25,9879211662337;690
"21690";0;0;0;0;0;2;0;4;4;10;0,055003052238971;0,0692250625193579;98,6275240546092;691
"21691";0;0;7;8;3;1;1;0;0;0;-0,0227613704250144;-0,0163125963121087;30,0440380116925;692
"21692";0;0;0;0;0;1;0;5;5;9;0,050632686121095;0,0533110762451632;94,7731272317469;693
"21693";0;0;2;0;2;7;1;6;2;0;0,00609717574121628;-0,0334396077625681;55,4955186555162;694
"21694";0;0;0;0;0;1;3;8;6;2;0,0400137168008518;0,0201553526594741;85,4078428354114;695
"21695";0;0;8;9;1;2;0;0;0;0;-0,0290629790442114;-0,00490066562493578;24,486402887851;696
"21696";0;0;0;0;0;1;0;5;7;7;0,0519887180836529;0,0581073117878609;95,9690648596734;697
"21697";3;0;2;3;6;4;0;1;1;0;-0,0204003203128064;-0,0198801370319837;32,1263404563069;698
"21698";0;0;0;3;4;3;0;8;1;1;0,0138666451301836;-0,0281966206469557;62,3477176064625;699
"21699";1;0;1;1;4;8;0;3;2;0;0,00918437019519746;-0,0318568392156832;58,2182361977175;700
"21700";0;0;0;0;1;2;1;3;8;5;0,0563982276883145;0,074583903536165;99,8579838545993;701
"21701";0;0;1;2;4;6;1;4;2;0;0,0112608667292144;-0,0304209647841434;60,0495797116309;702
"21702";0;0;0;2;0;4;0;6;5;3;0,0347214404371416;0,00654700565135288;80,7403773069382;703
"21703";0;0;1;2;1;2;0;3;6;5;0,0312553859468383;-0,00131431565748742;77,6835282798856;704
"21704";0;0;3;5;4;6;0;0;2;0;0,00465117133185437;-0,0339539796285528;54,2202308075503;705
"21705";0;0;0;0;0;4;1;9;5;1;0,0446466441508596;0,0336604985186312;89,4938026787713;706
"21706";0;0;0;3;7;6;0;1;2;1;0,0107131525101931;-0,0308286971440526;59,5665291184559;707
"21707";1;0;8;5;6;0;0;0;0;0;-0,0334702452948301;0,00471495897759775;20,5994623946026;708
"21708";1;0;9;5;5;0;0;0;0;0;-0,0276131571102776;-0,00776979892567826;25,7650575600564;709
"21709";3;0;8;4;5;0;0;0;0;0;-0,0340532678145624;0,00608772196119361;20,0852720299736;710
"21710";1;0;3;5;5;5;0;1;0;0;-0,0118598515659412;-0,0295608934737591;39,6585138980299;711
"21711";7;0;7;3;0;3;0;0;0;0;-0,0469000689872209;0,042310441381519;8,75517558306456;712
"21712";0;0;0;0;1;5;2;7;4;1;0,0211753695522762;-0,0194486289723953;68,7935675494373;713
"21713";0;0;3;5;7;4;0;1;0;0;-0,00319758518917497;-0,0342198501753204;47,2981054335833;714
"21714";0;0;7;5;5;2;0;1;0;0;-0,016140015083081;-0,0253406681447147;35,8836702769622;715
"21715";5;0;4;8;3;0;0;0;0;0;-0,0367197939441144;0,0126662634903731;17,7335583372042;716
"21716";0;0;0;0;0;1;0;2;8;9;0,0517348497692378;0,0571997001755099;95,745168463327;717
"21717";0;0;3;5;4;6;1;1;0;0;0,00168512676094228;-0,0345559251400927;51,604360085912;718
"21718";0;0;0;0;0;1;0;5;6;8;0,0434984302331759;0,0301748671408011;88,4811479132622;719
"21719";8;0;9;0;2;1;0;0;0;0;-0,0477356544805584;0,0450623285436428;8,01824005320668;720
"21720";2;0;4;4;6;4;0;0;0;0;-0,00262458236465118;-0,0343447990511426;47,8034590370953;721
"21721";0;0;2;6;7;4;0;0;0;1;-0,00633260506531898;-0,0331337046542892;44,533208780922;722
"21722";1;0;0;1;3;9;0;3;3;0;0,0126675919301383;-0,0292785621214734;61,2902256892994;723
"21723";11;0;4;5;0;0;0;0;0;0;-0,0539561650696683;0,0670685791703415;2,53212845418602;724
"21724";2;0;2;2;7;4;0;3;0;0;-0,00962274568221012;-0,0312618231072106;41,6315050795674;725
"21725";0;0;0;5;3;6;0;2;2;2;0,0116485102347544;-0,0301198380562499;60,3914576815441;726
"21726";0;0;2;11;3;2;0;2;0;0;-0,0127462081508159;-0,028791110002666;38,8768013566732;727
"21727";0;0;0;0;2;1;0;3;6;8;0,0487559412355844;0,0468831805626216;93,1179525097832;728
"21728";10;0;4;3;3;0;0;0;0;0;-0,0512752383738391;0,0572557025460721;4,8965425696224;729
"21729";0;0;1;2;3;5;0;3;6;0;0,0200039272209417;-0,0210997034376173;67,7604267373681;730
"21730";0;0;6;8;2;1;2;1;0;0;-0,016422840579591;-0,0250171167082539;35,6342354090884;731
"21731";0;0;0;0;1;1;0;8;7;3;0,048415182604588;0,0457422391364058;92,8174241445959;732
"21732";0;0;0;0;0;3;4;8;5;0;0,0339196966797934;0,00465461365188415;80,0332881277427;733
"21733";0;0;0;0;2;7;1;6;3;1;0,021639353068512;-0,0187683983483125;69,2027727607638;734
"21734";2;0;3;6;5;4;0;0;0;0;-0,0181854245475351;-0,0228758907266537;34,079743665643;735
"21735";0;0;0;1;4;3;0;4;3;5;0,0221398572195808;-0,0180179107883044;69,6441869484261;736
"21736";8;0;6;1;3;2;0;0;0;0;-0,0510017714673791;0,0562827195674755;5,13772373087704;737
"21737";2;0;3;8;5;2;0;0;0;0;-0,0317116708312005;0,000716873017184659;22,1504179993644;738
"21738";0;0;3;6;4;6;0;1;0;0;-0,00860828976934604;-0,0319189223947005;42,5261934287846;739
"21739";1;0;1;4;7;3;0;3;1;0;0,00811860062098485;-0,0324778452711181;57,2782923234627;740
"21740";0;0;0;0;1;4;0;6;3;6;0,0348719479880996;0,00690721812882316;80,8731158031151;741
"21741";3;0;4;5;4;4;0;0;0;0;-0,016263312462321;-0,0252002974317596;35,7749294955283;742
"21742";5;0;6;5;3;1;0;0;0;0;-0,0431980044697336;0,030699875020001;12,0201710844412;743
"21743";0;0;0;0;1;0;0;5;6;8;0,0564601667895348;0,0748249355111867;99,9126103706658;744
"21744";9;1;2;2;3;3;0;0;0;0;-0,0488081706168089;0,0486653766725589;7,07234612200409;745
"21745";0;0;0;0;1;2;0;4;9;4;0,0402797900848381;0,0208907329604667;85,6425032718107;746
"21746";5;0;6;5;3;1;0;0;0;0;-0,036685606026832;0,0125788028732572;17,7637099986896;747
"21747";3;0;2;5;6;4;0;0;0;0;-0,0134564100692048;-0,0281350511580847;38,2504465058446;748
"21748";0;0;0;0;0;0;0;5;7;8;0,0541743248206571;0,0661057540625711;97,896636929363;749
"21749";2;0;6;5;5;0;0;2;0;0;-0,0118562650664968;-0,0295638977585966;39,6616769721732;750
"21750";0;0;0;4;7;4;0;3;1;1;0,0034215564721521;-0,0342774569336351;53,1357853673398;751
"21751";0;0;0;0;0;1;0;4;10;5;0,0453406043507129;0,0358114189083453;90,1058333227411;752
"21752";0;0;0;0;0;2;0;6;6;6;0,0564786347550076;0,0748968538138448;99,9288979917765;753
"21753";6;0;7;3;2;2;0;0;0;0;-0,0329424153142804;0,0034924532350443;21,0649763001129;754
"21754";0;0;2;1;4;5;0;5;2;1;0,0153728255000778;-0,0266964610036825;63,6760769877583;755
"21755";0;0;0;0;0;0;0;10;7;3;0,0387995990253868;0,0168619704235856;84,3370648799464;756
"21756";0;0;1;3;3;4;1;7;1;0;0,0132272610065085;-0,0287859468920245;61,7838197387755;757
"21757";0;0;2;6;2;6;0;4;0;0;0,00135872714285201;-0,0345849550112891;51,3164954958484;758
"21758";0;1;4;5;8;1;0;1;0;0;-0,0199450084096047;-0,020523709775223;32,5278978329152;759
"21759";0;0;1;4;3;6;0;3;3;0;0,00517866925503318;-0,0337831152707027;54,685451858677;760
"21760";5;0;9;2;3;1;0;0;0;0;-0,0353014788902309;0,00910586111838836;18,9844258595258;761
"21761";2;0;4;4;2;4;0;1;2;1;-0,00438777801722594;-0,0338876517461256;46,2484278250486;762
"21762";12;0;5;2;1;0;0;0;0;0;-0,0466385444773785;0,0414590810626628;8,98582427762449;763
"21763";3;0;7;5;2;3;0;0;0;0;-0,0301977101337627;-0,00255353142410342;23,4856391558424;764
"21764";0;0;0;0;1;3;0;7;7;2;0,0428527108571973;0,0282547683165313;87,9116627387702;765
"21765";0;0;1;5;6;2;0;3;2;1;0,00771898253740445;-0,0326904188960173;56,9258535047993;766
"21766";0;0;0;2;1;4;0;6;5;2;0,0256106789956244;-0,0123362574647364;72,7052404312417;767
"21767";0;0;1;5;2;6;0;2;2;2;0,0122230768546644;-0,0296543635175165;60,8981904573739;768
"21768";0;0;5;4;4;4;0;2;1;0;-0,00818248873238943;-0,0321734937587465;42,9017240181565;769
"21769";13;1;1;4;1;0;0;0;0;0;-0,0529215730901199;0,0632227293918621;3,44457558821887;770
"21770";0;0;3;7;6;4;0;0;0;0;-0,00611194494318296;-0,0332324213367475;44,7278175735846;771
"21771";0;0;0;2;2;7;0;5;2;2;0,0184585932003179;-0,0231323813370733;66,397536220029;772
"21772";1;0;5;3;6;3;1;1;0;0;-0,0057773848132433;-0,0333756614133288;45,0228792382404;773
"21773";0;0;0;3;1;5;0;6;3;2;0,0172658989068458;-0,0245881319480675;65,3456524712965;774
"21774";10;6;0;3;1;0;0;0;0;0;-0,0549354646129845;0,0707771829834261;1,66844588238746;775
"21775";0;0;0;0;1;2;0;7;6;4;0,047450360239927;0,0425554004398032;91,9665095629171;776
"21776";6;0;7;3;3;1;0;0;0;0;-0,0272350223043607;-0,00849417659823101;26,0985494358465;777
"21777";0;0;0;0;1;2;1;4;6;6;0,0355521817419624;0,00855480141247098;81,4730405574664;778
"21778";0;0;4;3;4;8;0;1;0;0;-0,0112400116506106;-0,0300668850543106;40,2051749639213;779
"21779";1;1;3;10;2;2;0;1;0;0;-0,0237952224958385;-0,0146289153847667;29,1322434321046;780
"21780";0;0;0;0;1;5;1;5;5;3;0,0389705876891285;0,0173196134365751;84,4878664705902;781
"21781";0;0;0;1;2;4;1;6;5;1;0,0236047932022618;-0,0157215949870745;70,936171291396;782
"21782";3;0;4;4;7;2;0;0;0;0;-0,0300104270045759;-0,00294706132424717;23,6508114729077;783
"21783";0;0;2;3;3;7;0;4;0;1;0,0107427219049158;-0,0308072154572632;59,592607524246;784
"21784";1;0;3;5;5;3;0;3;0;0;0,00695530618236925;-0,0330658888680104;56,2523374566808;785
"21785";4;0;3;5;4;4;0;0;0;0;-0,0273472882403653;-0,00828014678294882;25,9995377156883;786
"21786";1;0;2;1;5;5;0;4;2;0;0,0020678639591078;-0,0345124865352265;51,9419109914452;787
"21787";0;0;1;1;8;4;2;2;2;0;0,0141048350461601;-0,0279698408477704;62,5577866099775;788
"21788";10;0;9;1;0;0;0;0;0;0;-0,0493101649340694;0,0503791625338974;6,62961769849062;789
"21789";0;0;1;6;5;8;0;0;0;0;-0,0105829416835545;-0,0305742161914988;40,7846706686541;790
"21790";2;0;5;3;2;7;0;1;0;0;-0,0109857158433503;-0,0302667762959096;40,429448382929;791
"21791";2;0;2;6;6;3;0;1;0;0;-0,00942614158276611;-0,0313947382990239;41,8048979248852;792
"21792";0;0;0;0;0;4;0;4;7;5;0,039037086784431;0,0174981419442257;84,5465146237984;793
"21793";9;0;4;2;5;0;0;0;0;0;-0,0440917220732615;0,0334158807448383;11,2319665728137;794
"21794";0;0;5;5;5;2;0;1;1;1;-0,00877821649893723;-0,0318138239746489;42,3763283994049;795
"21795";0;0;0;1;0;3;3;6;6;1;0,035016751348878;0,00725525936308586;81,0008235508576;796
"21796";0;0;0;0;0;3;0;7;4;6;0,0444295436267162;0,0329944471777071;89,3023332348093;797
"21797";0;0;0;3;4;5;0;4;3;1;0,0164322254757761;-0,025547181781828;64,6104032639414;798
"21798";0;0;5;3;3;6;0;2;0;1;-2,50762259324149e-05;-0,0346260834270675;50,0960651785135;799
"21799";0;0;0;0;1;0;0;4;6;9;0,0499511816102319;0,0509487017188619;94,1720817470923;800
"21800";0;0;0;0;0;1;0;3;10;6;0,0444791787325108;0,0331464368734909;89,3461083760485;801
"21801";6;0;4;7;2;1;0;0;0;0;-0,0317735804173834;0,000853986133491411;22,0958175137639;802
"21802";7;0;6;6;0;1;0;0;0;0;-0,0542857937595719;0,0683094665474957;2,24141601938754;803
"21803";0;0;0;1;3;5;0;3;4;4;0,0311664705766116;-0,00150503851594563;77,6051103370264;804
"21804";5;0;6;4;4;1;0;0;0;0;-0,0319185637987702;0,00117612406690939;21,9679509988055;805
"21805";0;0;1;0;0;6;1;2;10;0;0,0284978885847839;-0,00697432559545477;75,2515834989026;806
"21806";4;0;12;4;0;0;0;0;0;0;-0,033039961483366;0,0037169263187431;20,978946518153;807
"21807";1;0;8;6;2;2;0;0;1;0;-0,0234584093231093;-0,015185562180568;29,4292921433225;808
"21808";4;0;5;7;1;3;0;0;0;0;-0,0299668313143144;-0,00303831852651492;23,6892602173612;809
"21809";6;0;8;2;4;0;0;0;0;0;-0,0482904360198506;0,0469161352426613;7,52895651385188;810
"21810";1;0;1;2;8;4;0;3;1;0;0,00507544643081632;-0,0338180671299789;54,5944156125188;811
"21811";0;0;0;4;5;6;0;3;2;0;0,00841640708457503;-0,032312237675945;57,5409394921735;812
"21812";0;0;0;0;2;6;1;4;4;3;0,0325954964738963;0,00162652382390053;78,8654241710901;813
"21813";4;0;8;4;2;2;0;0;0;0;-0,037052844715168;0,0135225197026156;17,4398278351873;814
"21814";5;0;4;8;1;2;0;0;0;0;-0,0520982746699014;0,0602152778597405;4,17067466769367;815
"21815";0;0;0;2;8;5;0;3;2;0;0,0155679250454093;-0,0264906481420165;63,8481429079548;816
"21816";1;0;4;5;6;3;1;0;0;0;-0,0213900583322242;-0,0184316418849668;31,2534517841414;817
"21817";0;0;0;0;1;2;0;6;5;6;0,0402216567602544;0,0207296439839014;85,5912332190201;818
"21818";0;0;1;5;6;5;0;2;0;1;-0,0145636151919776;-0,027042578165655;37,2739590005949;819
"21819";3;0;6;4;3;2;0;2;0;0;-0,0251853551769591;-0,0122483336705822;27,9062310466543;820
"21820";0;0;1;1;5;8;0;2;1;2;0,00696574898804706;-0,0330610269142189;56,2615473754704;821
"21821";4;0;6;6;1;2;0;1;0;0;-0,03852101745202;0,0173886855350586;16,1449888721108;822
"21822";1;0;0;0;0;5;0;6;3;5;0,0308353996362524;-0,00221036875591065;77,3131259251386;823
"21823";4;0;7;3;4;2;0;0;0;0;-0,0337303891714775;0,00532457555298771;20,3700313344598;824
"21824";0;0;0;3;3;3;0;6;3;2;0,026249659650322;-0,0111993290619704;73,268782463856;825
"21825";0;0;3;4;5;4;0;3;1;0;0,000302339205762446;-0,0346283287601677;50,3848256543279;826
"21826";0;0;5;4;6;4;0;1;0;0;-0,0227203223999196;-0,0163779173090953;30,0802398705855;827
"21827";0;0;0;3;7;5;0;4;1;0;-0,000307832950821201;-0,0346181702293508;49,8466909630224;828
"21828";0;0;0;1;1;2;1;6;5;4;0,0336195465955126;0,00395760800281756;79,7685740282759;829
"21829";0;0;0;0;1;3;0;7;5;4;0,0365064624070902;0,0109201592727831;82,3146580019966;830
"21830";0;0;0;0;1;5;0;8;3;3;0,0268845293724638;-0,0100417117075499;73,8286989042535;831
"21831";0;0;2;5;5;5;0;2;1;0;0,00268890942379791;-0,0344204152424695;52,4896352784708;832
"21832";0;0;0;0;0;2;0;5;6;7;0,0481038493835073;0,0447068508243421;92,5428471993655;833
"21833";1;0;1;6;10;1;0;1;0;0;-0,0123274241688072;-0,0291615960384482;39,2461433308199;834
"21834";0;0;0;1;0;2;0;6;3;8;0,054188149421307;0,0661573994078255;97,9088293854147;835
"21835";11;0;7;1;0;1;0;0;0;0;-0,0562238781264057;0,0757575703814527;0,532143609598279;836
"21836";0;0;1;0;2;1;1;7;6;2;0,0317032738677335;-0,000345273968891084;78,0785381561145;837
"21837";0;0;0;0;0;2;0;7;5;6;0,0502535251792303;0,0519927792247993;94,438730366528;838
"21838";3;0;5;4;4;4;0;0;0;0;-0,0200105234503277;-0,0204319900716814;32,4701175559312;839
"21839";2;0;6;5;4;2;1;0;0;0;-0,0264965939518517;-0,00988020452925733;26,7497982829809;840
"21840";0;0;1;0;1;4;1;6;5;2;0,0368623966512947;0,0118185549991138;82,6285703340545;841
"21841";0;0;0;0;2;0;0;7;6;5;0,0419701947383681;0,0256772357363444;87,133337254636;842
"21842";0;0;7;7;4;1;0;1;0;0;-0,0155347540122456;-0,0260144722239256;36,417473689653;843
"21843";9;0;5;4;2;0;0;0;0;0;-0,0482377121046702;0,0467390413030284;7,57545579690486;844
"21844";0;0;0;0;1;2;0;5;5;7;0,0413905511624236;0,024013638988647;86,6221269126981;845
"21845";0;0;0;1;2;3;1;7;5;1;0,0208834808536892;-0,0198689175059022;68,5361394891515;846
"21846";1;0;6;5;3;4;0;1;0;0;-0,0232407271573698;-0,0155411431438982;29,6212745597586;847
"21847";8;0;6;3;2;1;0;0;0;0;-0,0455090142383793;0,0378364432154034;9,98200117610395;848
"21848";0;0;0;0;1;1;0;9;5;4;0,0378164446545042;0,0142698953216911;83,4699825849384;849
"21849";0;0;0;0;1;4;3;6;6;0;0,0308699045629886;-0,00213721205134515;77,3435571696609;850
"21850";2;0;2;6;4;5;0;1;0;0;-0,0165982233935284;-0,0248136966952866;35,4795584455132;851
"21851";4;0;12;2;1;1;0;0;0;0;-0,0486562188882058;0,0481500611296169;7,20635829493403;852
"21852";0;0;0;0;3;4;1;4;5;3;0,0364141609915149;0,0106886185069588;82,2332537733018;853
"21853";4;0;6;6;3;1;0;0;0;0;-0,0366111194971267;0,012388529358535;17,8294025827199;854
"21854";2;0;6;4;5;1;1;1;0;0;-0,0186334689403684;-0,0222973003217706;33,6845957906917;855
"21855";0;0;0;0;2;5;1;7;2;3;0,0283940077177917;-0,00717725789393547;75,1599668990821;856
"21856";0;0;0;6;8;3;0;2;1;0;0,00346958094921847;-0,034266787926647;53,1781400321051;857
"21857";2;0;8;6;4;0;0;0;0;0;-0,0292839173152153;-0,00445065673106254;24,2915487848222;858
"21858";0;0;1;3;5;5;0;4;2;0;0,0039452897760676;-0,0341524785431575;53,5976862534881;859
"21859";0;0;9;1;3;5;0;1;1;0;-0,0132394469563045;-0,028339179378228;38,4417947614565;860
"21860";0;0;3;5;6;5;0;1;0;0;-0,0110154929785286;-0,0302436012383749;40,4031867627054;861
"21861";5;0;5;4;6;0;0;0;0;0;-0,0313016006227936;-0,000184620643602847;22,5120749557391;862
"21862";0;0;0;0;5;4;0;7;3;1;0,0168375763405786;-0,0250868819642791;64,9678980465978;863
"21863";0;0;1;0;2;5;0;4;2;6;0,0338157243637049;0,00441246385688139;79,9415908753872;864
"21864";0;0;0;0;5;1;0;6;4;4;0,0371319218746667;0,0125046872994245;82,866275170818;865
"21865";0;0;0;1;0;0;1;1;6;11;0,0547945342547524;0,068435728179702;98,4436238883063;866
"21866";0;0;0;0;1;4;0;6;5;4;0,0408386407657162;0,0224512622355612;86,1353755462915;867
"21867";7;2;2;7;1;1;0;0;0;0;-0,0466073098854283;0,0413577173889479;9,01337128598243;868
"21868";4;0;8;3;4;1;0;0;0;0;-0,0308888416155975;-0,00108026511875662;22,8761032689363;869
"21869";0;0;0;0;1;7;2;4;5;1;0,0329669634685416;0,0024637143285223;79,1930354433134;870
"21870";0;0;0;0;0;0;2;10;6;2;0,0490417119526712;0,0478462089580113;93,3699848828837;871
"21871";0;0;0;0;0;0;0;3;8;9;0,04999727778912;0,0511074757993228;94,2127357702702;872
"21872";0;0;0;1;0;5;1;4;4;5;0,0339859978025863;0,00480941877406017;80,0917616812512;873
"21873";12;0;6;1;0;1;0;0;0;0;-0,0508163875965306;0,0556260775299267;5,30122101772577;874
"21874";1;0;0;1;3;7;2;5;1;0;0,0117776506410093;-0,0300172091451236;60,5053516570479;875
"21875";0;0;3;4;3;8;2;0;0;0;-0,020546289517563;-0,0196707738511615;31,997604505159;876
"21876";1;0;3;8;2;6;0;0;0;0;-0,0076000754949011;-0,0325013654132628;43,4153770329431;877
"21877";0;0;4;3;7;2;0;3;0;1;-0,0133603840565457;-0,0282257986787829;38,3351356023923;878
"21878";0;0;0;3;3;4;0;6;3;1;0,0120232273946968;-0,0298188609444427;60,7219354016706;879
"21879";2;0;3;4;6;2;0;3;0;0;-0,00796270226064107;-0,0322999831032951;43,0955623043701;880
"21880";0;0;0;6;3;4;2;5;0;0;0,0082987713917487;-0,0323783877581111;57,4371919734403;881
"21881";0;0;1;1;5;3;1;6;2;1;0,0270210051103134;-0,00978921759636777;73,9490621956065;882
"21882";0;0;0;0;3;5;0;4;6;2;0,0293675117274315;-0,00524619403373457;76,0185381630436;883
"21883";0;0;0;0;2;3;0;5;5;5;0,0353661249652204;0,00810097253823657;81,3089498085901;884
"21884";0;0;0;0;0;1;0;2;10;7;0,0560296933479153;0,0731552694705021;99,5329590048641;885
"21885";3;0;2;3;4;4;0;2;0;2;-0,00301540739586642;-0,0342620412224182;47,4587751552463;886
"21886";0;0;0;4;8;6;0;2;0;0;0,00217516886083932;-0,0344984872103968;52,0365473814309;887
"21887";7;0;4;5;2;1;1;0;0;0;-0,0484393810426155;0,0474174655927232;7,39759607240558;888
"21888";3;0;4;6;2;1;1;2;1;0;-0,0114915237516044;-0,0298647768920197;39,9833566043526;889
"21889";0;0;0;0;0;3;0;7;6;4;0,0496299861426756;0,0498464582238441;93,8888069009408;890
"21890";0;0;0;0;0;4;0;3;5;8;0,0338009851136933;0,00437819697542515;79,9285917542875;891
"21891";0;0;2;1;3;5;0;6;2;1;0,0100261408048654;-0,0313107534100654;58,9606266235933;892
"21892";6;0;4;5;3;1;0;0;0;1;-0,0208544585048732;-0,0192239219953398;31,7258182214573;893
"21893";13;1;2;2;2;0;0;0;0;0;-0,0539976084325855;0,0672241791746374;2,49557793140411;894
"21894";4;0;6;4;2;3;0;1;0;0;-0,0367438991233356;0,0127279787823548;17,7122990367934;895
"21895";2;0;2;6;5;4;0;1;0;0;-0,0166394385825024;-0,0247655836127955;35,4432091582566;896
"21896";1;0;6;6;5;2;0;0;0;0;-0,022488217676824;-0,0167450774397186;30,2849421044812;897
"21897";10;0;6;3;0;1;0;0;0;0;-0,0543664719527715;0,068614325883706;2,17026276513934;898
"21898";1;0;3;6;5;5;0;0;0;0;-0,0238007748868542;-0,014619673196402;29,1273465612903;899
"21899";0;0;1;1;5;7;0;3;1;2;0,011900064865914;-0,0299188592996525;60,6133135501295;900
"21900";7;0;8;3;2;0;0;0;0;0;-0,055095702833543;0,0713903272583192;1,52712552808225;901
"21901";0;0;0;1;1;5;0;5;5;3;0,0340865266272426;0,00504472217925106;80,1804219838232;902
"21902";1;0;6;5;4;3;1;0;0;0;-0,0154176563484556;-0,0261419017182476;36,5207466995344;903
"21903";2;0;6;3;6;2;0;1;0;0;-0,0243610233872328;-0,013676139776157;28,6332414951175;904
"21904";0;0;0;0;0;0;0;7;8;5;0,0445000098281667;0,0332102754548113;89,3644801340997;905
"21905";0;0;0;0;1;3;0;5;5;6;0,0384708266411664;0,0159877162003347;84,0471076546237;906
"21906";0;0;0;4;2;5;2;3;4;0;0,0190845071149911;-0,0223290030301268;66,9495541835204;907
"21907";7;0;4;6;3;0;0;0;0;0;-0,0305421240886245;-0,00182348840593517;23,181887017563;908
"21908";3;0;7;7;2;1;0;0;0;0;-0,0322781034711149;0,00198126478729048;21,6508588986471;909
"21909";0;0;0;0;0;6;0;6;4;4;0,0328224371214373;0,00213685362040808;79,0655720047653;910
"21910";0;0;0;0;3;2;0;6;6;3;0,0374027018567271;0,0131990798402793;83,1050866283476;911
"21911";0;0;0;0;3;4;1;3;7;2;0,0384074564566289;0,0158200660143769;83,9912190102041;912
"21912";0;0;0;3;5;4;0;2;4;2;0,0176905980666719;-0,024081056709066;65,7202112721279;913
"21913";0;0;3;4;7;3;1;2;0;0;0,0042649300545904;-0,0340668683531318;53,8795895176008;914
"21914";2;0;6;5;4;3;0;0;0;0;-0,0114618828660755;-0,0298888232070317;40,0094980606809;915
"21915";0;0;0;2;3;5;1;6;3;0;0,0164339792973155;-0,0255452147239538;64,6119500277564;916
"21916";0;0;0;1;3;6;0;2;8;0;0,0225794991458975;-0,0173443717984016;70,0319243595004;917
"21917";0;0;0;0;0;1;0;4;4;11;0,0461042026941778;0,0382167207395449;90,7792805694044;918
"21918";0;0;0;1;1;4;1;7;5;1;0,034527561779485;0,00608530429278323;80,5693881353363;919
"21919";0;0;1;0;3;7;0;4;4;1;0,0233651968604323;-0,0161073328303478;70,7248619059101;920
"21920";2;0;4;4;4;3;0;2;1;0;-0,00796908284149487;-0,0322963581635941;43,0899350205436;921
"21921";0;0;2;3;3;7;0;3;0;2;0,0077490261263151;-0,0326748219207235;56,9523501209915;922
"21922";0;0;0;0;5;6;0;4;3;2;0,0199302250309161;-0,0212004043787708;67,6954258931801;923
"21923";0;0;0;0;0;1;0;5;8;6;0,0485392646403059;0,0461567645225198;92,9268569452688;924
"21924";1;0;2;7;8;1;0;1;0;0;-0,0208406585880874;-0,0192440728424894;31,7379889078438;925
"21925";0;0;0;3;8;4;0;5;0;0;0,00371642072474889;-0,0342094303075003;53,3958376850933;926
"21926";2;0;4;5;3;6;0;0;0;0;-0,0140715328057191;-0,0275385941927952;37,7079457044601;927
"21927";0;0;0;0;0;3;1;4;7;5;0,0455025772529162;0,0363182523099073;90,2486835606396;928
"21928";5;0;6;4;3;1;0;1;0;0;-0,0246276619185055;-0,0132194503679839;28,3980825450271;929
"21929";0;0;0;8;4;5;0;2;1;0;-0,000365074197918765;-0,0346158943841813;49,7962076682597;930
"21930";0;0;0;3;4;3;3;5;2;0;0,0203396723347541;-0,0206362073175739;68,056533485651;931
"21931";0;0;0;0;1;2;0;5;11;1;0,0428555941437152;0,0282632778227643;87,914205621928;932
"21932";0;0;1;2;5;6;1;4;0;1;0,00974549664913996;-0,0314982698881102;58,7131155654788;933
"21933";3;0;2;8;4;2;0;0;1;0;-0,0163460731816495;-0,025105486099748;35,7019395800307;934
"21934";9;0;6;1;3;1;0;0;0;0;-0,0520144870226296;0,0599118391515855;4,24457027111202;935
"21935";4;0;8;2;5;1;0;0;0;0;-0,0385723496988661;0,0175265605241791;16,0997169557959;936
"21936";0;0;0;0;2;5;0;7;4;2;0,0328981042526394;0,00230780194594451;79,132305807434;937
"21937";2;1;4;3;5;3;0;1;1;0;-0,0166698630949148;-0,0247299916937177;35,4163765907288;938
"21938";2;0;5;6;4;3;0;0;0;0;-0,0221439292796706;-0,0172828263890374;30,5885835085064;939
"21939";2;0;2;7;3;5;0;1;0;0;-0,00864379086819505;-0,0318971304754248;42,4948836211115;940
"21940";0;0;0;1;5;6;1;3;4;0;0,0215192941594335;-0,0189458424468903;69,0968881128356;941
"21941";6;0;4;5;4;0;0;0;1;0;-0,0410697803510482;0,0244549027809285;13,8971351785585;942
"21942";9;8;0;1;1;1;0;0;0;0;-0,0512726187426688;0,0572463574477449;4,89885292481631;943
"21943";0;0;1;1;3;5;0;3;4;3;0,0161011356859207;-0,025914710854339;64,3184022279456;944
"21944";1;0;6;3;5;4;0;1;0;0;-0,0141302056377311;-0,0274803328683958;37,6561998389661;945
"21945";0;0;2;4;6;4;0;3;0;1;0,00497496480910007;-0,0338513820471427;54,5057969400659;946
"21946";3;0;3;7;5;2;0;0;0;0;-0,0283348047120201;-0,00635988605512643;25,1286083133891;947
"21947";0;0;0;0;0;0;0;7;5;8;0,0477699291068432;0,0436038063955615;92,2483498463407;948
"21948";5;0;3;5;6;1;0;0;0;0;-0,0329173518467377;0,00343488363287359;21,087080752477;949
"21949";0;0;0;0;1;3;0;9;3;4;0,0399052338056096;0,0198569314988828;85,3121674386784;950
"21950";0;0;0;0;2;5;1;9;1;2;0,0261846491372199;-0,0113162933202491;73,2114471495152;951
"21951";0;0;0;0;3;0;0;7;7;3;0,0497400175685886;0,0502232475074449;93,985847919248;952
"21952";0;0;0;1;3;5;0;7;3;1;0,0174808655571432;-0,0243330307960994;65,5352399684489;953
"21953";1;0;0;0;0;3;1;6;7;2;0,0310973809163787;-0,00165285736176851;77,5441774632782;954
"21954";0;0;4;3;3;8;0;1;1;0;-0,000946598050706102;-0,0345799114072013;49,2833390366286;955
"21955";0;0;0;1;1;2;1;8;5;2;0,0343169299853099;0,0055866574002077;80,3836237173527;956
"21956";8;1;3;3;3;2;0;0;0;0;-0,0405910186186154;0,0230932625127519;14,3193738767877;957
"21957";0;0;1;1;0;4;1;10;2;1;0,0265721798625812;-0,010614736030055;73,5532256541774;958
"21958";0;0;3;2;6;6;0;2;1;0;-0,00883796203624039;-0,0317763966622379;42,3236364731565;959
"21959";0;0;0;3;4;4;0;2;3;4;0,0157400166422757;-0,0263069185751459;63,9999172184616;960
"21960";0;0;0;0;4;2;1;9;2;2;0,0276981360100676;-0,00851737961046889;74,5462504215539;961
"21961";8;0;7;4;1;0;0;0;0;0;-0,055799620952945;0,0741049011270993;0,906312605366111;962
"21962";0;0;0;1;2;0;1;8;5;3;0,0401138163638725;0,0204314351682909;85,4961245553568;963
"21963";1;0;0;5;8;4;1;1;0;0;-0,00413944538271865;-0,033965063597974;46,4674420887604;964
"21964";3;0;4;5;7;1;0;0;0;0;-0,0243921910819515;-0,0136230109355285;28,6057534860447;965
"21965";0;0;0;2;2;6;0;3;6;1;0,0236374774894266;-0,0156686668064281;70,9649968426675;966
"21966";0;0;2;8;4;5;0;1;0;0;-0,00394647202887538;-0,034022269692965;46,637632837519;967
"21967";0;0;1;2;8;7;0;2;0;0;-0,00338800493788429;-0,0341732936024818;47,1301668090746;968
"21968";7;0;4;8;1;0;0;0;0;0;-0,049070088933282;0,0495573766155288;6,84135011397302;969
"21969";8;0;3;6;2;1;0;0;0;0;-0,0384274187211906;0,0171377553118473;16,2275372538716;970
"21970";0;0;0;0;0;0;0;6;5;9;0,0562451010869831;0,0739891616785237;99,7229355154559;971
"21971";0;0;0;0;2;5;1;2;6;4;0,0321844583940208;0,000711287582376414;78,5029136110097;972
"21972";0;0;0;1;0;1;0;7;5;6;0,0464935921805005;0,0394588267864078;91,1226983880624;973
"21973";3;0;5;1;6;1;0;4;0;0;-0,0130435583985191;-0,0285206794037291;38,6145565425977;974
"21974";0;0;1;0;3;6;3;4;3;0;0,0257145471906864;-0,0121533709728753;72,7968458551913;975
"21975";0;0;0;1;0;2;0;2;9;6;0,0416614526102149;0,0247882392270596;86,861045495607;976
"21976";0;0;0;0;0;3;0;2;7;8;0,0441430633079381;0,032120538232019;89,0496750362217;977
"21977";0;0;1;2;4;5;1;6;1;0;0,00902267026749051;-0,0319561210327497;58,0756267067045;978
"21978";2;0;11;3;2;0;1;1;0;0;-0,0369856154262877;0,0133490578870011;17,4991199746728;979
"21979";0;0;0;3;6;1;1;6;3;0;0,0115993294704572;-0,0301586187284247;60,3480832418427;980
"21980";8;0;7;3;2;0;0;0;0;0;-0,0380467632571583;0,0161235014797146;16,5632521966472;981
"21981";6;0;6;5;3;0;0;0;0;0;-0,0506208531135948;0,054936060422838;5,47367052640766;982
"21982";11;1;5;2;0;1;0;0;0;0;-0,0561486127481906;0,0754634689238198;0,598523090593517;983
"21983";6;2;2;8;2;0;0;0;0;0;-0,0385094604668794;0,0173576694111797;16,1551814293489;984
"21984";2;0;3;5;6;3;0;0;0;1;-0,0179314477561176;-0,0231976945414915;34,3037357321009;985
"21985";5;0;5;6;4;0;0;0;0;0;-0,0397311648741549;0,0206876187998908;15,0777125265449;986
"21986";7;0;7;2;1;3;0;0;0;0;-0,0393301224128204;0,0195831175899037;15,4314075596631;987
"21987";0;0;0;1;1;6;0;6;3;3;0,0377567995422478;0,014114795371076;83,4173792274669;988
"21988";0;0;0;8;3;6;2;1;0;0;-0,00660402986382751;-0,0330076525289468;44,2938286345452;989
"21989";0;0;0;0;0;2;0;2;7;9;0,0519424894038947;0,0579417059832106;95,9282939787954;990
"21990";3;0;4;8;3;1;0;0;1;0;-0,0230030669808753;-0,0159256107568951;29,830876365304;991
"21991";3;0;7;6;3;1;0;0;0;0;-0,0310193230552655;-0,00079840921539084;22,761026583612;992
"21992";2;0;6;3;6;2;1;0;0;0;-0,028188717235915;-0,00664821469160597;25,2574485726655;993
"21993";0;0;5;5;7;2;0;1;0;0;-0,0169217644353646;-0,0244328439620114;35,194214945659;994
"21994";2;0;3;7;6;1;0;1;0;0;-0,0247320121749121;-0,013039382309089;28,3060519723222;995
"21995";6;0;4;6;3;1;0;0;0;0;-0,0359112810000529;0,0106195779615006;18,4466175269336;996
"21996";0;0;0;0;0;0;0;6;7;7;0,049297864488104;0,0487142327228884;93,5958958230913;997
"21997";7;0;2;4;5;1;0;1;0;0;-0,0339545597350769;0,00585365226847029;20,1723265461624;998
"21998";6;0;4;7;1;2;0;0;0;0;-0,0354383867937;0,00944346692145647;18,8636814244092;999
"21999";0;0;1;4;2;9;1;1;1;1;0,0120116311265726;-0,0298283210067055;60,7117081992328;1000
