;Agro.rupe;Alop.alpi;Anth.nipp;Heli.sede;Aven.vers;Care.rosa;Care.foet;Care.parv;Care.rupe;Care.semp;Fest.laev;Fest.quad;Fest.viol;Kobr.myos;Luzu.lute;Poa.alpi;Poa.supi;Sesl.caer;Alch.pent;Alch.glau;Alch.vulg;Andr.brig;Ante.carp;Ante.dioi;Arni.mont;Aste.alpi;Bart.alpi;Camp.sche;Card.alpi;Cera.stri;Cera.cera;Leuc.alpi;Cirs.acau;Drab.aizo;Drya.octo;Erig.unif;Gent.camp;Gent.acau;Gent.vern;Geum.mont;Omal.supi;Andr.vita;Hier.pili;Homo.alpi;Leon.pyre;Ligu.muto;Lloy.sero;Minu.sedo;Minu.vern;Phyt.orbi;Plan.alpi;Poly.vivi;Pote.aure;Pote.cran;Pote.gran;Puls.vern;Ranu.kuep;Sagi.glab;Sali.herb;Sali.reti;Sali.retu;Sali.serp;Saxi.pani;Sedu.alpe;Semp.mont;Sene.inca;Sibb.proc;Sile.acau;Thym.poly;Vero.alpi;Vero.alli;Vero.bell;Myos.alpe;Tara.alpi;Scab.luci;Anth.alpe;Oxyt.camp;Oxyt.lapp;Lotu.alpi;Trif.alpi;Trif.badi;Trif.thal
Agro.rupe;0.0;0.0;0.0;0.0;0.0;0.0;0.0;0.0;0.0;0.0;0.0;0.0;0.0;0.0;0.0;0.0;0.0;0.0;0.0;0.0;0.0;0.7824368;0.0;0.0;0.0;0.0;0.0;0.0;0.0;0.0;0.0;0.7467393;0.0;0.0;0.0;0.0;0.9681059000000001;0.0;0.0;0.0;0.0;0.57031125;0.0;0.0;0.0;0.0;0.8515238000000002;0.9547502;0.0;0.0;0.0;0.0;0.9504700999999999;0.0;0.0;0.0;0.0;0.0;0.0;0.0;0.0;0.0;0.0;0.7082792;0.0;0.8245103000000001;0.0;0.0;0.0;0.0;0.0;0.97982883;0.0;0.0;0.0;0.0;0.0;0.0;0.0;0.0;0.0;0.0
Alop.alpi;0.0;0.0;0.0;0.0;0.0;0.0;0.0;0.0;0.0;0.0;0.0;0.0;0.0;0.0;0.0;0.0;0.0;0.0;0.81655186;0.0;0.0;0.0;0.0;0.0;0.0;0.0;0.0;0.0;0.9276304;0.0;0.0;0.0;0.0;0.0;0.0;0.0;0.0;0.0;0.0;0.0;0.9819684999999999;0.0;0.0;0.0;0.5999746;0.0;0.0;0.0;0.0;0.0;0.0;0.0;0.0;0.0;0.0;0.0;0.0;0.8945574000000001;0.0;0.0;0.0;0.0;0.0;0.0;0.0;0.0;0.0;0.0;0.0;0.8222867;0.0;0.0;0.0;0.0;0.0;0.0;0.0;0.0;0.0;0.0;0.0;0.0
Anth.nipp;0.0;0.0;0.0;0.0;0.0;0.0;0.0;0.0;-0.98494375;0.0;0.0;0.0;0.0;0.0;0.0;0.0;0.0;0.0;0.0;0.7246736999999999;-0.95844734;0.0;0.0;0.0;0.0;0.0;0.0;0.0;0.0;0.0;0.0;0.0;0.0;0.0;0.0;0.0;0.0;0.0;0.0;0.95918715;0.0;0.0;0.0;0.0;0.0;0.0;0.0;0.0;0.0;0.62720734;0.0;0.0;0.7836699;0.0;0.54128855;0.0;0.9810697;0.0;0.0;0.0;0.0;-0.6050785;0.0;0.0;0.0;0.0;0.0;0.0;-0.7328554;0.0;0.80787057;0.0;0.0;0.0;0.0;0.0;0.0;0.0;0.0;-0.7514904;0.0;0.0
Heli.sede;0.0;0.0;0.0;0.0;0.0;0.0;0.0;0.98307484;-0.9810565;0.0;0.0;-0.8077072;0.0;0.9463976999999999;0.0;0.0;-0.8659679;0.96067804;0.0;0.0;-0.9513120999999999;0.0;0.0;0.0;0.0;0.9221809999999999;0.0;0.0;0.0;0.0;0.0;0.0;0.0;0.0;0.0;0.0;0.0;0.0;0.0;0.0;0.0;0.0;-0.9618899;0.0;0.0;0.0;0.0;0.0;-0.6618968000000001;0.0;0.0;0.0;0.0;0.9777541999999999;0.0;0.0;0.0;0.0;0.0;0.0;0.0;-0.6134845;0.0;0.0;0.0;0.0;0.0;0.0;-0.7295349;0.0;0.0;0.0;0.0;0.0;0.0;0.92339903;0.0;0.7772175;0.0;-0.73008454;0.0;0.0
Aven.vers;0.0;0.0;0.0;0.0;0.0;0.8278412;0.0;0.9887584;-0.9931449;0.84090346;0.98272717;-0.8771405000000001;0.8488896999999999;0.9096226000000001;0.96967894;0.0;-0.84241724;0.9712796999999999;0.0;0.0;-0.98222494;0.0;0.0;0.0;0.0;0.0;0.0;0.98531973;0.0;0.99902594;0.0;0.0;0.0;0.0;0.0;0.9643117;0.8033657;0.0;0.0;0.0;0.0;0.0;-0.98708475;0.0;0.0;0.96331054;0.0;0.0;-0.73711646;0.0;0.0;0.0;0.0;0.99174285;0.0;0.9875212;0.0;0.0;0.0;0.0;0.0;-0.6649629;0.0;0.0;0.8546584;0.0;0.0;0.9812328000000001;-0.80325663;0.0;0.0;0.0;0.0;0.0;0.0;0.0;0.98128796;0.7471093000000001;0.0;-0.7217262;0.0;0.0
Care.rosa;0.0;0.0;0.0;0.0;0.567183;0.0;0.0;0.89495444;0.0;0.0;0.8790396;-0.5593831;0.0;0.95749474;0.7638661999999999;0.0;0.0;0.91304874;0.0;0.0;0.0;0.0;0.0;0.0;0.0;0.0;0.0;0.8852373;0.0;0.0;0.0;0.0;0.0;0.64164287;0.0;0.83824015;0.0;0.0;0.0;0.0;0.0;0.0;0.0;0.0;0.0;0.93353206;0.0;0.0;0.0;0.0;0.0;0.0;0.0;0.8636609000000001;0.0;0.9049282;0.0;0.0;0.0;0.0;0.0;0.0;0.85014015;0.0;0.8220689;0.0;0.0;0.8775179;0.0;0.0;0.0;0.0;0.0;0.0;0.0;0.78333664;0.90591204;0.98590845;0.0;0.0;0.0;0.0
Care.foet;0.0;0.9616004000000001;0.0;0.0;0.0;0.0;0.0;0.0;0.0;0.0;0.0;0.0;0.0;0.0;0.0;0.0;-0.86502665;0.0;0.8705026;0.0;0.0;0.0;0.0;-0.6347753;0.0;0.0;0.0;0.0;0.9710099;0.0;0.95819515;0.0;0.0;0.0;0.0;0.0;0.0;0.0;0.0;0.0;0.9678648999999999;0.0;0.0;0.0;0.0;0.0;0.0;0.0;0.0;0.0;0.0;0.0;0.0;0.0;0.0;0.0;0.0;0.93722063;0.0;0.0;0.0;0.0;0.0;0.0;0.0;0.0;0.9761749;0.0;0.0;0.8776521;0.0;0.0;0.0;0.0;0.0;0.0;0.0;0.0;0.0;0.0;0.0;0.0
Care.parv;0.0;0.0;0.0;0.9441405;0.6779673;0.662308;0.0;0.0;-0.9072125;0.60046;0.97820413;-0.8187852;0.6037309000000001;0.89702475;0.82056934;0.0;-0.9492471;0.9886474000000001;0.0;0.0;-0.93670255;0.0;0.0;0.0;0.0;0.9485026;0.0;0.91717774;0.0;0.91076225;0.0;0.0;0.0;0.0;0.0;0.84800774;0.0;0.0;0.0;0.0;0.0;0.0;-0.9256437;0.0;0.0;0.93462515;0.0;0.0;-0.56845963;0.0;0.0;0.0;0.0;0.9592556999999999;0.0;0.9585345;0.0;0.0;0.0;0.0;0.0;0.0;0.5906422;0.0;0.7284305999999999;0.0;0.0;0.90064925;-0.67476535;0.0;0.0;0.0;0.0;0.0;0.9063283000000001;0.9489809000000001;0.979817;0.89897954;0.0;-0.9175042999999999;0.0;0.0
Care.rupe;0.0;0.0;0.0;0.0;0.617332;0.7837946;0.0;0.9146629000000001;0.0;0.0;0.8963383;-0.5853476;0.0;0.9724596999999999;0.80229574;0.0;-0.9922501;0.9265319;0.0;0.0;-0.8143884;0.0;0.0;-0.6215243;0.0;0.8007965;0.0;0.9120773999999999;0.0;0.83895075;0.0;0.0;0.0;0.6449194;0.0;0.8711955;0.0;0.0;0.0;0.0;0.0;0.0;-0.80948865;0.0;0.0;0.9538851999999999;0.0;0.0;0.0;0.0;0.0;0.0;0.0;0.88497305;0.0;0.925299;0.0;0.0;0.0;0.0;0.0;0.0;0.83838063;0.0;0.8535865;0.0;0.0;0.90562004;0.0;0.0;0.0;0.0;0.0;0.0;0.0;0.80244935;0.9223790000000001;0.97307366;0.0;-0.92921877;0.0;0.0
Care.semp;0.0;0.0;0.0;0.0;0.8024886;0.7748276;0.0;0.9972633;-0.96212125;0.0;0.9975867;-0.8474693000000001;0.73091286;0.93364334;0.914683;0.0;-0.92125565;0.9990737;0.0;0.0;-0.9735697;0.0;0.0;0.0;0.0;0.9666002;0.0;0.9717424000000001;0.0;0.9703905;0.0;0.0;0.0;0.0;0.0;0.92941034;0.0;0.0;0.0;0.0;0.0;0.0;-0.9664889000000001;0.0;0.0;0.9711991;0.0;0.0;-0.6412326;0.0;0.0;0.0;0.0;0.99392253;0.0;0.99449086;0.0;0.0;0.0;0.0;0.0;-0.5196350000000001;0.57579374;0.0;0.8206658000000001;0.0;0.0;0.9633485;-0.74137276;0.0;0.0;0.0;0.0;0.0;0.9680270000000001;0.96739596;0.99995434;0.852618;0.0;-0.84178895;0.0;0.0
Fest.laev;0.0;0.0;0.0;0.0;0.8791107;0.9359969000000001;0.0;0.9579409999999999;-0.94198656;0.7571533;0.0;-0.7099204000000001;0.779425;0.97277576;0.97176385;0.0;-0.8719896;0.9287103000000001;0.0;0.0;-0.89885837;0.0;0.0;0.0;0.0;0.8574434000000001;0.0;0.99146414;0.0;0.9564463;0.0;0.0;0.0;0.58613217;0.0;0.9952996;0.0;0.0;0.0;0.0;0.0;0.0;-0.90885055;0.0;0.0;0.9848703999999999;0.0;0.0;-0.55673385;0.0;0.0;0.0;0.0;0.9437081;0.0;0.97011375;0.0;0.0;0.0;0.0;0.0;-0.5401733;0.6691636999999999;0.0;0.96263766;0.0;0.0;0.9960271999999999;-0.6399693000000001;0.0;0.0;0.0;0.0;0.0;0.94936526;0.8591745999999999;0.9436173000000001;0.7969035;0.0;-0.7209227;0.0;0.0
Fest.quad;0.0;0.0;0.0;0.0;0.85312533;0.81125206;0.0;0.9992705;-0.97808665;0.7785759;0.99500453;0.0;0.7866273;0.9330285;0.9466766;0.0;-0.8916098;0.99122334;0.0;0.0;-0.98136485;0.0;0.0;0.0;0.0;0.96674937;0.0;0.9835726999999999;0.0;0.98750955;0.0;0.0;0.0;0.0;0.0;0.9532507;0.0;0.0;0.0;0.0;0.0;0.0;-0.9769361999999999;0.0;0.0;0.9733681999999999;0.0;0.0;-0.6788451;0.0;0.0;0.0;0.0;0.99824995;0.0;0.9976918;0.0;0.0;0.0;0.0;0.0;-0.5825646;0.54813546;0.0;0.8468888000000001;0.0;0.0;0.9785069;-0.7714127;0.0;0.0;0.0;0.0;0.0;0.98601246;0.9676261999999999;0.99657583;0.8131624;0.0;-0.7915628;0.0;0.0
Fest.viol;0.0;0.0;0.0;0.0;0.9708474;0.8395554000000001;0.0;0.9392779;-0.97996217;0.93258816;0.9281081;-0.8830607;0.0;0.8400878;0.9838892;0.0;-0.7170515000000001;0.9025535;0.0;0.0;-0.9569122;0.0;0.0;0.0;0.0;0.9250870999999999;0.0;0.9515118;0.0;0.98622394;0.0;0.0;-0.5203683;0.0;0.0;0.9543357;0.0;0.0;0.0;0.0;0.0;0.0;-0.9669081;0.0;0.0;0.0;0.0;0.0;-0.81519234;0.0;0.0;0.0;0.0;0.95083696;0.0;0.93820155;0.0;0.0;0.0;0.0;0.0;-0.7945575;0.0;0.0;0.841476;0.0;0.0;0.0;-0.8556924000000001;0.0;0.0;0.0;0.0;0.0;0.0;0.92585003;0.9212712;0.6006818;0.0;-0.5623254;0.0;0.0
Kobr.myos;0.0;0.0;0.0;0.99500877;0.8293961;0.76214826;0.0;0.9959469999999999;-0.9732874;0.7681912;0.9995776;-0.88576496;0.7722558;0.0;0.92338884;0.0;0.0;0.9948082;0.0;0.0;0.0;0.0;0.0;0.0;0.0;0.9824503000000001;0.0;0.96686006;0.0;0.0;0.0;0.0;0.0;0.0;0.0;0.9261868000000001;0.0;0.0;0.0;0.0;0.0;0.0;0.0;0.0;0.0;0.9569059999999999;0.0;0.0;-0.69939333;0.0;0.0;0.0;0.0;0.9982078000000001;0.0;0.99060625;0.0;0.0;0.0;0.0;0.0;-0.5803029000000001;0.5100899999999999;0.0;0.8012385999999999;0.0;0.0;0.9586338;-0.7917983000000001;0.0;0.0;0.0;0.0;0.0;0.98002267;0.9830686;0.9970701999999999;0.8095321;0.0;0.0;0.0;0.0
Luzu.lute;0.0;0.0;0.0;0.0;0.6619349;0.8747144;0.0;0.88083136;-0.80464983;0.0;0.84345955;0.0;0.5132823000000001;0.98393255;0.0;0.0;-0.9469193000000001;0.8728058000000001;0.0;0.0;-0.76181185;0.0;0.0;-0.5794326;0.0;0.7268821;0.0;0.91404253;0.0;0.0;0.0;0.0;0.0;0.76285696;0.0;0.90280324;0.0;0.0;0.0;0.0;0.0;0.0;-0.7667675;0.0;0.0;0.9503411;0.0;0.0;0.0;0.0;0.0;0.0;0.0;0.84544903;0.0;0.9002884;0.0;0.0;0.0;0.0;0.0;0.0;0.87967944;0.0;0.9305728999999999;0.0;0.0;0.91596895;0.0;0.0;0.0;0.0;0.0;0.0;0.8105296999999999;0.72908294;0.8775959999999999;0.9232344000000001;0.0;-0.8396759;0.0;0.0
Poa.alpi;0.0;0.0;0.0;0.0;0.0;0.0;0.0;0.0;0.0;0.0;0.0;0.0;0.0;0.0;0.0;0.0;0.0;0.0;0.0;0.0;0.0;0.0;0.0;0.0;0.0;0.0;0.0;0.0;0.0;0.0;0.0;0.0;0.0;0.0;0.0;0.0;0.0;0.0;0.0;0.0;0.0;0.0;0.0;0.0;0.0;0.0;0.0;0.0;0.0;0.0;0.0;0.0;0.0;0.0;0.0;0.0;0.98972327;0.0;0.0;0.0;0.0;0.0;0.0;0.0;0.0;0.0;0.0;0.0;0.0;0.0;0.0;0.0;0.0;0.0;0.0;0.0;0.0;0.0;0.0;0.0;0.0;0.0
Poa.supi;0.0;0.9516544;0.0;0.0;0.0;0.0;0.0;0.0;-0.85438454;0.0;0.0;-0.7203776;0.0;0.0;0.0;0.0;0.0;0.0;0.5627270999999999;0.0;-0.88286453;0.0;0.0;-0.56990486;0.0;0.0;0.0;0.0;0.76639783;0.0;0.9816149;0.0;0.0;0.0;0.0;0.0;0.0;0.0;0.0;0.0;0.97132856;0.0;-0.8663806000000001;0.0;0.8343872999999999;0.0;0.0;0.0;0.0;0.0;0.0;0.0;0.0;0.0;0.0;0.0;0.0;0.68442136;0.0;0.0;0.0;0.0;0.0;0.0;0.0;0.0;0.0;0.0;-0.56814575;0.5715938;0.0;0.0;0.0;0.0;0.0;0.0;0.0;0.0;0.0;-0.9589609;0.0;0.0
Sesl.caer;0.0;0.0;0.0;0.98615396;0.795816;0.74985826;0.0;0.9945071;-0.96262634;0.7253708000000001;0.9990898000000001;-0.8645153;0.7303899;0.9180198;0.90490043;0.0;-0.91450644;0.0;0.0;0.0;-0.97753996;0.0;0.0;0.0;0.0;0.9747918999999999;0.0;0.96391946;0.0;0.9685857;0.0;0.0;0.0;0.0;0.0;0.91646034;0.0;0.0;0.0;0.0;0.0;0.0;-0.97107965;0.0;0.0;0.9624405;0.0;0.0;-0.65990114;0.0;0.0;0.0;0.0;0.99326164;0.0;0.9898013000000001;0.0;0.0;0.0;0.0;0.0;-0.5282869000000001;0.5484956999999999;0.0;0.79735583;0.0;0.0;0.9535072;-0.7543272;0.0;0.0;0.0;0.0;0.0;0.96594393;0.9754314000000001;0.9989039000000001;0.84343743;0.0;-0.841758;0.0;0.0
Alch.pent;0.0;0.9493303;0.0;0.0;0.0;0.0;0.0;0.0;0.0;0.0;0.0;0.0;0.0;0.0;0.0;0.0;-0.89500344;0.0;0.0;0.0;0.0;0.0;0.0;0.0;0.0;0.0;0.0;0.0;0.92788327;0.0;0.98831147;0.0;0.0;0.0;0.0;0.0;0.0;0.0;0.0;0.0;0.9928372999999999;0.0;0.0;0.0;0.6124715999999999;0.0;0.0;0.0;0.0;0.0;0.0;0.0;0.0;0.0;0.0;0.0;0.0;0.8490371999999999;0.0;0.0;0.0;0.0;0.0;0.0;0.0;0.0;0.0;0.0;0.0;0.76642746;0.0;0.0;0.0;0.0;0.0;0.0;0.0;0.0;0.0;0.0;0.0;0.0
Alch.glau;0.0;0.0;0.5582984000000001;0.0;0.0;0.0;0.0;0.0;-0.9820539;0.0;0.0;0.0;0.0;0.0;0.0;0.0;-0.88095564;0.0;0.0;0.0;-0.98808855;0.0;0.0;0.0;0.0;0.0;0.0;0.0;0.0;0.0;0.0;0.0;0.0;0.0;0.0;0.0;0.72481257;0.0;0.0;0.0;0.0;0.8202511999999998;-0.9865607;0.0;0.0;0.0;0.0;0.7227418000000001;-0.7116414000000001;0.0;0.0;0.0;0.727973;0.0;0.0;0.0;0.0;0.0;0.0;0.0;0.0;-0.6008415;0.0;0.0;0.0;0.0;0.0;0.0;-0.7911724;0.0;0.0;0.805761;0.0;0.0;0.0;0.0;0.0;0.0;0.5657976;-0.78978074;0.0;0.0
Alch.vulg;0.0;0.0;0.0;0.0;0.0;0.0;0.0;0.0;-0.99437124;0.0;0.0;-0.8828219999999999;0.0;0.0;0.0;0.0;-0.80173457;0.0;0.0;0.0;0.0;0.0;0.0;0.0;0.0;0.0;0.0;0.0;0.0;0.0;0.0;0.0;0.0;0.0;0.0;0.0;0.0;0.0;0.0;0.0;0.0;0.0;-0.98527026;0.0;0.0;0.0;0.0;0.0;-0.7694623;0.0;0.0;0.0;0.0;0.0;0.0;0.0;0.0;0.0;0.0;0.0;0.0;-0.71561176;0.0;0.0;0.0;0.0;0.0;0.0;-0.82297415;0.0;0.0;0.0;0.0;0.0;0.0;0.0;0.0;0.0;0.0;-0.66765726;0.0;0.0
Andr.brig;0.6336162;0.0;0.0;0.0;0.0;0.0;0.0;0.0;-0.70094204;0.0;0.0;0.0;0.0;0.0;0.0;0.0;0.0;0.0;0.0;0.0;-0.72939545;0.0;0.0;-0.66213495;0.0;0.0;0.0;0.0;0.0;0.0;0.0;0.0;0.0;0.0;0.0;0.0;0.0;0.0;0.0;0.0;0.0;0.0;-0.701088;0.0;0.0;0.0;0.0;0.0;0.0;0.0;0.0;0.0;0.0;0.0;0.0;0.0;0.0;0.0;0.0;0.0;0.0;0.0;0.0;0.8676803;0.0;0.90313905;0.0;0.0;0.0;0.0;0.0;0.5492975;0.6585241;0.0;0.0;0.0;0.0;0.0;0.0;-0.9713881;0.0;0.0
Ante.carp;0.6623629;0.0;0.0;0.0;0.0;0.88148403;0.0;0.9808733000000001;-0.95826876;0.0;0.96163446;-0.7539723;0.0;0.9740334;0.9522723;0.0;0.0;0.9661213;0.0;0.0;-0.9267533000000001;0.0;0.0;0.0;0.0;0.0;0.0;0.0;0.0;0.0;0.0;0.0;0.0;0.53079116;0.0;0.9787482;0.0;0.0;0.0;0.0;0.0;0.0;-0.93705404;0.0;0.0;0.99820954;0.0;0.0;-0.5739433;0.0;0.0;0.0;0.0;0.9677711999999999;0.0;0.9886343000000001;0.0;0.0;0.0;0.0;0.0;-0.5124432;0.6653475999999999;0.0;0.9230218000000001;0.0;0.0;0.0;-0.6533258000000001;0.0;0.0;0.0;0.0;0.0;0.0;0.0;0.9748466999999998;0.84324634;0.0;0.0;0.0;0.0
Ante.dioi;0.0;0.0;0.0;0.0;0.0;0.89199024;0.0;0.87861204;-0.81603074;0.5098053;0.83927315;-0.5007543999999999;0.541515;0.9812015;0.8459979999999999;0.0;-0.93235075;0.8659452;0.0;0.0;-0.76056284;0.0;0.0;0.0;0.0;0.7224889;0.0;0.9219594999999999;0.0;0.0;0.0;0.0;0.0;0.7650179;0.0;0.9149997;0.0;0.0;0.0;0.0;0.0;0.0;-0.77349144;0.0;0.0;0.9544215;0.0;0.0;0.0;0.0;0.0;0.0;0.0;0.8436216000000001;0.0;0.89925855;0.0;0.0;0.0;0.0;0.0;0.0;0.8657285;0.0;0.9459716;0.0;0.0;0.9237673000000001;0.0;0.0;0.0;0.0;0.0;0.0;0.8162153;0.7246984000000001;0.87317824;0.8996909;0.0;-0.8127089;0.0;0.60900176
Arni.mont;0.0;0.0;0.0;0.0;0.0;0.0;0.0;0.0;-0.92396516;0.0;0.0;-0.7337408000000001;0.0;0.0;0.0;0.0;-0.970565;0.0;0.0;0.0;-0.911935;0.0;0.0;-0.52252245;0.0;0.0;0.0;0.0;0.0;0.9314091999999998;0.0;0.0;0.0;0.0;0.0;0.0;0.0;0.0;0.0;0.0;0.0;0.0;-0.9145941999999999;0.0;0.0;0.0;0.0;0.0;-0.5014582000000001;0.0;0.0;0.0;0.0;0.0;0.0;0.0;0.0;0.0;0.0;0.0;0.0;0.0;0.0;0.0;0.0;0.0;0.0;0.0;-0.6000505;0.0;0.0;0.0;0.0;0.0;0.0;0.0;0.0;0.0;0.0;-0.8890562;0.0;0.0
Aste.alpi;0.0;0.0;0.0;0.9420273000000001;0.0;0.0;0.0;0.97803146;-0.9307943999999999;0.661392;0.9597926;-0.7228768;0.6797871;0.9860863000000001;0.91977954;0.0;-0.95162785;0.97170573;0.0;0.0;-0.9126286;0.0;0.0;0.0;0.0;0.0;0.0;0.9833295;0.0;0.9431744000000001;0.0;0.0;0.0;0.0;0.0;0.9577288;0.0;0.0;0.0;0.0;0.0;0.0;-0.9136812;0.0;0.0;0.9957360000000001;0.0;0.0;-0.50738204;0.0;0.0;0.0;0.0;0.960936;0.0;0.9857539000000001;0.0;0.0;0.0;0.0;0.0;0.0;0.7198628;0.0;0.907977;0.0;0.0;0.9800641;-0.61223835;0.0;0.0;0.0;0.0;0.0;0.93572235;0.89158285;0.9761849;0.8957786;0.0;-0.84839034;0.0;0.0
Bart.alpi;0.0;0.0;0.0;0.0;0.0;0.0;0.0;0.0;-0.9062915000000001;0.0;0.0;-0.6605880999999999;0.0;0.0;0.0;0.0;-0.94611114;0.0;0.0;0.0;-0.8745995999999999;0.0;0.0;0.0;0.0;0.0;0.0;0.0;0.0;0.0;0.0;0.0;0.0;0.0;0.9672609000000001;0.0;0.0;0.0;0.0;0.0;0.0;0.0;-0.879315;0.6906125;0.0;0.0;0.0;0.0;0.0;0.0;0.0;0.0;0.0;0.0;0.0;0.0;0.0;0.0;0.0;0.965828;0.9655318000000002;0.0;0.0;0.0;0.0;0.0;0.0;0.0;-0.5530291;0.0;0.0;0.0;0.0;0.0;0.0;0.0;0.0;0.0;0.0;-0.8307979;0.0;0.0
Camp.sche;0.0;0.0;0.0;0.0;0.571326;0.73128164;0.0;0.90546054;0.0;0.0;0.89394146;0.0;0.0;0.9526361999999999;0.7659428;0.0;0.0;0.9262421000000001;0.0;0.0;0.0;0.0;0.0;0.0;0.0;0.8042893;0.0;0.0;0.0;0.8190345;0.0;0.0;0.0;0.6042985;0.0;0.83630997;0.0;0.0;0.0;0.0;0.0;0.0;0.0;0.0;0.0;0.9348828000000001;0.0;0.0;0.0;0.0;0.0;0.0;0.0;0.8768050999999999;0.0;0.91310555;0.0;0.0;0.0;0.0;0.0;0.0;0.8260663;0.0;0.80675256;0.0;0.0;0.87910026;0.0;0.0;0.0;0.0;0.0;0.0;0.0;0.80575603;0.91793567;0.9860658999999999;0.0;0.0;0.0;0.0
Card.alpi;0.0;0.8584013;0.0;0.0;0.0;0.0;0.5571409;0.0;0.0;0.0;0.0;0.0;0.0;0.0;0.0;0.0;-0.6950808;0.0;0.96962625;0.0;0.0;0.0;0.0;-0.5854701;0.0;0.0;0.0;0.0;0.0;0.0;0.83512497;0.0;0.0;0.0;0.0;0.0;0.0;0.0;0.0;0.0;0.85418975;0.0;0.0;0.0;0.0;0.0;0.0;0.0;0.0;0.0;0.0;0.0;0.0;0.0;0.0;0.0;0.0;0.98931706;0.0;0.0;0.0;0.0;0.0;0.0;0.0;0.0;0.0;0.0;0.0;0.9734125;0.0;0.0;0.0;0.0;0.0;0.0;0.0;0.0;0.0;-0.850842;0.0;0.0
Cera.stri;0.0;0.0;0.0;0.0;0.55833167;0.0;0.0;0.91481835;0.0;0.0;0.9149835999999999;0.0;0.0;0.0;0.0;0.0;0.0;0.94390416;0.0;0.0;0.0;0.0;0.0;0.0;0.0;0.8451027;0.0;0.87635875;0.0;0.0;0.0;0.0;0.0;0.0;0.0;0.8108364;0.0;0.0;0.0;0.0;0.0;0.0;0.0;0.0;0.0;0.91974807;0.0;0.0;0.0;0.0;0.0;0.0;0.0;0.89267284;0.0;0.9162853000000001;0.0;0.0;0.0;0.0;0.0;0.0;0.76044166;0.0;0.74863356;0.0;0.0;0.0;0.0;0.0;0.0;0.0;0.0;0.0;0.0;0.84618163;0.9318148;0.97943115;0.0;0.0;0.0;0.0
Cera.cera;0.0;0.0;0.0;0.0;0.0;0.0;0.0;0.0;-0.9468943000000001;0.0;0.0;0.0;0.0;0.0;0.0;0.0;-0.9318290000000001;0.0;0.0;0.0;-0.96722305;0.0;0.0;0.0;0.0;0.0;0.0;0.0;0.6478596999999999;0.0;0.0;0.0;0.0;0.0;0.0;0.0;0.0;0.0;0.0;0.0;0.9144396;0.0;0.0;0.0;0.0;0.0;0.0;0.0;-0.62164015;0.0;0.0;0.0;0.0;0.0;0.0;0.0;0.0;0.52315825;0.0;0.0;0.0;0.0;0.0;0.0;0.0;0.0;0.0;0.0;-0.72845584;0.0;0.0;0.0;0.0;0.0;0.0;0.0;0.0;0.0;0.0;-0.8680694;0.0;0.0
Leuc.alpi;0.0;0.0;0.0;0.0;0.0;0.0;0.0;0.0;0.0;0.0;0.0;0.0;0.0;0.0;0.0;0.0;0.0;0.0;0.0;0.0;0.0;0.5581807;0.0;0.0;0.0;0.0;0.0;0.0;0.0;0.0;0.0;0.0;0.0;0.0;0.0;0.0;0.0;0.0;0.0;0.0;0.0;0.0;-0.50204724;0.0;0.0;0.0;0.0;0.0;0.0;0.0;0.0;0.0;0.0;0.0;0.0;0.0;0.0;0.0;0.0;0.0;0.0;0.0;0.0;0.7197376;0.0;0.7291288;0.0;0.0;0.0;0.0;0.0;0.0;0.0;0.0;0.0;0.0;0.0;0.0;0.0;0.0;0.0;0.0
Cirs.acau;0.0;0.0;0.0;0.0;0.0;0.0;0.0;0.0;-0.95674664;0.0;0.0;-0.7740889;0.0;0.0;0.0;0.0;-0.9410105;0.0;0.0;0.0;-0.93570036;0.0;0.0;0.0;0.0;0.0;0.0;0.0;0.0;0.0;0.0;0.0;0.0;0.0;0.0;0.0;0.0;0.0;0.0;0.0;0.0;0.0;-0.94453317;0.0;0.0;0.0;0.0;0.0;-0.5736177;0.50554866;0.0;0.0;0.0;0.0;0.0;0.0;0.0;0.0;0.0;0.0;0.0;0.0;0.0;0.0;0.0;0.0;0.0;0.0;-0.6533985999999999;0.0;0.0;0.0;0.0;0.0;0.0;0.0;0.0;0.0;0.0;-0.840709;0.0;0.0
Drab.aizo;0.0;0.0;0.0;0.0;0.0;0.7559928000000001;0.0;0.80731195;-0.7072927;0.0;0.7777717;0.0;0.0;0.93229693;0.7012123;0.0;-0.96115804;0.8204883;0.0;0.0;-0.66811776;0.0;0.0;-0.7253101;0.0;0.0;0.0;0.8305114;0.0;0.0;0.0;0.0;0.0;0.0;0.0;0.795482;0.0;0.0;0.0;0.0;0.0;0.0;-0.6761639;0.0;0.0;0.89176345;0.0;0.0;0.0;0.0;0.0;0.0;0.0;0.76391894;0.0;0.8265295;0.0;0.0;0.0;0.0;0.0;0.0;0.9282398999999999;0.0;0.83604324;0.0;0.0;0.8242652;0.0;0.0;0.0;0.0;0.0;0.0;0.0;0.0;0.81591386;0.9613806999999999;0.0;-0.89933515;0.0;0.0
Drya.octo;0.0;0.0;0.0;0.0;0.0;0.0;0.0;0.0;-0.91062963;0.0;0.0;-0.67038405;0.0;0.0;0.0;0.0;-0.9473725000000001;0.0;0.0;0.0;-0.88082093;0.0;0.0;0.0;0.0;0.0;0.970042;0.0;0.0;0.0;0.0;0.0;0.0;0.0;0.0;0.0;0.0;0.0;0.0;0.0;0.0;0.0;-0.8850802;0.68052363;0.0;0.0;0.0;0.0;0.0;0.0;0.0;0.0;0.0;0.0;0.0;0.0;0.0;0.0;0.0;0.9693778000000001;0.96910477;0.0;0.0;0.0;0.0;0.0;0.0;0.0;-0.5622699000000001;0.0;0.0;0.0;0.0;0.0;0.0;0.0;0.0;0.0;0.0;-0.8337029;0.0;0.0
Erig.unif;0.0;0.0;0.0;0.0;0.0;0.7743238;0.0;0.7548924;-0.6606334;0.0;0.7154630999999999;0.0;0.0;0.91248953;0.67758954;0.0;0.0;0.76015913;0.0;0.0;0.0;0.0;0.5165052;-0.72513384;0.0;0.57224876;0.0;0.7992611999999999;0.0;0.672614;0.0;0.0;0.0;0.83155084;0.0;0.0;0.52051127;0.0;0.0;0.0;0.0;0.0;-0.61674356;0.0;0.0;0.86213905;0.0;0.0;0.0;0.0;0.0;0.0;0.0;0.7064647;0.0;0.77953535;0.0;0.0;0.0;0.0;0.0;0.0;0.9520325999999999;0.0;0.85046417;0.0;0.0;0.7962685;0.0;0.0;0.0;0.0;0.0;0.0;0.6511464;0.0;0.7592142;0.9228424999999999;0.0;0.0;0.0;0.0
Gent.camp;0.9076496;0.0;0.0;0.0;0.562102;0.0;0.0;0.0;-0.6952769;0.0;0.0;0.0;0.0;0.0;0.0;0.0;-0.901625;0.0;0.0;0.0;-0.6341197;0.0;0.0;-0.62762177;0.0;0.0;0.0;0.0;0.0;0.0;0.0;0.0;0.0;0.0;0.0;0.83334786;0.0;0.0;0.0;0.0;0.0;0.9093909;-0.6445557;0.0;0.0;0.0;0.0;0.71222496;0.0;0.0;0.0;0.0;0.0;0.0;0.0;0.0;0.0;0.0;0.0;0.0;0.0;0.0;0.0;0.0;0.0;0.0;0.0;0.0;0.0;0.0;0.0;0.76510996;0.8472857;0.0;0.0;0.0;0.0;0.0;0.0;-0.79330385;0.0;0.0
Gent.acau;0.0;0.0;0.0;0.0;0.5277191;0.7841847;0.0;0.8222011999999999;-0.7237746;0.0;0.7900465999999999;0.0;0.0;0.94629085;0.7273921999999999;0.0;-0.9601156;0.83069813;0.0;0.0;-0.6855054;0.0;0.0;-0.6935243000000001;0.0;0.6624215;0.0;0.8470209999999999;0.0;0.7382837;0.0;0.0;0.0;0.7749891999999999;0.0;0.8181406;0.5399135;0.0;0.0;0.0;0.0;0.0;-0.6909135999999999;0.0;0.0;0.90368754;0.0;0.0;0.0;0.0;0.0;0.0;0.0;0.7799486999999999;0.0;0.8417888000000001;0.0;0.0;0.0;0.0;0.0;0.0;0.9263885000000001;0.0;0.85847217;0.0;0.0;0.84329563;0.0;0.0;0.0;0.0;0.0;0.0;0.72200865;0.6645379;0.82806814;0.95779663;0.0;-0.8889203999999999;0.0;0.0
Gent.vern;0.0;0.0;0.0;0.0;0.6056083999999999;0.0;0.0;0.85425043;0.0;0.0;0.81575656;0.0;0.0;0.97381425;0.0;0.0;0.0;0.85045487;0.0;0.0;0.0;0.0;0.0;0.0;0.0;0.0;0.0;0.8824943999999999;0.0;0.0;0.0;0.0;0.0;0.0;0.0;0.86989176;0.62684554;0.0;0.0;0.0;0.0;0.94945574;0.0;0.0;0.0;0.9263541999999999;0.0;0.69655037;0.0;0.0;0.0;0.0;0.0;0.815607;0.0;0.8744652;0.0;0.0;0.0;0.0;0.0;0.0;0.9110156999999999;0.0;0.90835196;0.0;0.0;0.88542986;0.0;0.0;0.0;0.0;0.0;0.0;0.0;0.0;0.8529101999999998;0.93911797;0.0;0.0;0.0;0.0
Geum.mont;0.0;0.0;0.86268747;0.0;0.0;0.0;0.0;0.0;0.0;0.0;0.0;0.0;0.0;0.0;0.0;0.0;0.0;0.0;0.0;0.0;0.0;0.0;0.0;0.0;0.0;0.0;0.0;0.0;0.0;0.0;0.0;0.0;0.0;0.0;0.0;0.0;0.0;0.0;0.0;0.0;0.0;0.0;0.0;0.0;0.86360216;0.0;0.0;0.0;0.0;0.0;-0.9626173000000001;0.0;0.94449466;0.0;0.0;0.0;0.8962055;0.0;0.0;0.0;0.0;0.0;0.0;0.0;0.0;0.0;0.0;0.0;0.0;0.0;0.0;0.0;0.0;0.0;0.0;0.0;0.0;0.0;0.0;0.0;0.0;0.0
Omal.supi;0.0;0.82465106;0.0;0.0;0.0;0.0;0.62604296;0.0;0.0;0.0;0.0;0.0;0.0;0.0;0.0;0.0;0.0;0.0;0.98466754;0.0;0.0;0.0;0.0;0.0;0.0;0.0;0.0;0.0;0.9128696;0.0;0.73779655;0.0;0.0;0.0;0.0;0.0;0.0;0.0;0.0;0.0;0.0;0.0;0.0;0.0;0.0;0.0;0.0;0.0;0.0;0.0;0.0;0.0;0.0;0.0;0.0;0.0;0.0;0.97631717;0.0;0.0;0.0;0.0;0.0;0.0;0.0;0.0;0.0;0.0;0.0;0.9810374;0.0;0.0;0.0;0.0;0.0;0.0;0.0;0.0;0.0;0.0;0.0;0.0
Andr.vita;0.6101623;0.0;0.0;0.0;0.0;0.0;0.0;0.0;-0.97595155;0.0;0.0;-0.8001010000000001;0.0;0.0;0.0;0.0;-0.91038626;0.0;0.0;0.673454;-0.9455764000000001;0.0;0.0;0.0;0.0;0.0;0.0;0.0;0.0;0.0;0.0;0.0;0.0;0.0;0.0;0.0;0.76796657;0.0;0.0;0.0;0.0;0.0;-0.9614784;0.0;0.0;0.0;0.0;0.80208004;-0.6277345;0.0;0.0;0.0;0.7372795999999999;0.0;0.0;0.0;0.0;0.0;0.0;0.0;0.0;-0.5474926999999999;0.0;0.8666985999999999;0.0;0.0;0.0;0.0;-0.68686163;0.0;0.0;0.8703469000000001;0.0;0.0;0.0;0.0;0.0;0.0;0.0;-0.79646355;0.0;0.0
Hier.pili;0.0;0.0;0.0;0.0;0.0;0.0;0.0;0.0;-0.9288626;0.0;0.0;-0.6870004;0.0;0.0;0.0;0.0;-0.92138565;0.0;0.0;0.0;-0.8880094000000001;0.0;0.0;0.0;0.0;0.0;0.0;0.0;0.0;0.0;0.0;0.5926174;0.0;0.0;0.0;0.0;0.0;0.0;0.0;0.0;0.0;0.0;0.0;0.0;0.0;0.0;0.0;0.0;-0.50063664;0.0;0.0;0.0;0.0;0.0;0.0;0.0;0.0;0.0;0.0;0.0;0.0;0.0;0.0;0.0;0.0;0.0;0.0;0.0;-0.58726084;0.0;0.0;0.0;0.0;0.0;0.0;0.0;0.0;0.0;0.0;-0.7915404;0.0;0.0
Homo.alpi;0.0;0.0;0.0;0.0;0.0;0.0;0.0;0.0;-0.83270055;0.0;0.0;-0.52485466;0.0;0.0;0.0;0.0;-0.9423139000000001;0.0;0.0;0.0;-0.7703960999999999;0.0;0.0;-0.60886246;0.0;0.0;0.9263110999999999;0.0;0.0;0.0;0.0;0.0;0.0;0.0;0.9263918999999999;0.0;0.0;0.0;0.0;0.0;0.0;0.0;-0.7927835;0.0;0.0;0.0;0.0;0.0;0.0;0.0;0.0;0.0;0.0;0.0;0.0;0.0;0.0;0.0;0.0;0.9086204999999999;0.90796876;0.0;0.0;0.0;0.0;0.96741635;0.0;0.0;0.0;0.0;0.0;0.0;0.0;0.0;0.0;0.0;0.0;0.0;0.0;-0.82872283;0.0;0.0
Leon.pyre;0.0;0.85877794;0.0;0.0;0.0;0.0;0.0;0.0;0.0;0.0;0.0;0.0;0.0;0.0;0.0;0.0;0.0;0.0;0.0;0.0;0.0;0.0;0.0;0.0;0.0;0.0;0.0;0.0;0.5452493;0.0;0.0;0.0;0.0;0.0;0.0;0.0;0.0;0.0;0.0;0.9131627;0.8566504;0.0;0.0;0.0;0.0;0.0;0.0;0.0;0.0;0.0;0.0;0.0;0.0;0.0;0.0;0.0;0.9383438000000001;0.0;0.0;0.0;0.0;0.0;0.0;0.0;0.0;0.0;0.0;0.0;0.0;0.0;0.0;0.0;0.0;0.0;0.0;0.0;0.0;0.0;0.0;0.0;0.0;0.0
Ligu.muto;0.0;0.0;0.0;0.0;0.7529309000000001;0.8394193999999999;0.0;0.9760829;-0.9108674000000001;0.6275334;0.95925957;-0.71472573;0.0;0.9864165000000001;0.8992120000000001;0.0;0.0;0.9742597;0.0;0.0;0.0;0.0;0.0;0.0;0.0;0.8898338;0.0;0.9688326999999999;0.0;0.9283995;0.0;0.0;0.0;0.5608959;0.0;0.9403309000000001;0.0;0.0;0.0;0.0;0.0;0.0;0.0;0.0;0.0;0.0;0.0;0.0;0.0;0.0;0.0;0.0;0.0;0.95866084;0.0;0.98251754;0.0;0.0;0.0;0.0;0.0;0.0;0.73504496;0.0;0.88822967;0.0;0.0;0.96683323;-0.6083152;0.0;0.0;0.0;0.0;0.0;0.0;0.8913278;0.9761478000000001;0.9189347;0.0;-0.87321234;0.0;0.0
Lloy.sero;0.82641363;0.0;0.0;0.0;0.0;0.0;0.0;0.0;-0.86295456;0.0;0.0;-0.5631705;0.0;0.0;0.0;0.0;-0.9165190000000001;0.0;0.0;0.0;-0.80376464;0.0;0.0;-0.5106414;0.0;0.0;0.0;0.0;0.0;0.0;0.0;0.0;0.0;0.0;0.0;0.0;0.0;0.0;0.0;0.0;0.0;0.0;-0.8203454;0.0;0.0;0.0;0.0;0.0;0.0;0.0;0.0;0.0;0.0;0.0;0.0;0.0;0.0;0.0;0.0;0.0;0.0;0.0;0.0;0.0;0.0;0.0;0.0;0.0;0.0;0.0;0.0;0.0;0.0;0.0;0.0;0.0;0.0;0.0;0.0;-0.78135014;0.0;0.0
Minu.sedo;0.7148809;0.0;0.0;0.0;0.0;0.0;0.0;0.0;0.0;0.0;0.0;0.0;0.0;0.0;0.0;0.0;0.0;0.0;0.0;0.6176399;0.0;0.0;0.0;0.0;0.0;0.0;0.0;0.0;0.0;0.0;0.0;0.0;0.0;0.0;0.0;0.0;0.763089;0.0;0.0;0.0;0.0;0.89789593;0.0;0.0;0.0;0.0;0.0;0.0;0.0;0.0;0.0;0.0;0.685161;0.0;0.0;0.0;0.0;0.0;0.0;0.0;0.0;0.0;0.0;0.0;0.0;0.0;0.0;0.0;0.0;0.0;0.0;0.8763614;0.0;0.0;0.0;0.0;0.0;0.0;0.0;0.0;0.0;0.0
Minu.vern;0.0;0.0;0.0;0.0;0.83386683;0.8333008;0.0;0.9904402;-0.9716349;0.735366;0.9812231;-0.80244845;0.7489606;0.9551582000000001;0.9399583;0.0;-0.9217306000000001;0.9836617;0.0;0.0;-0.9495719000000001;0.0;0.0;0.0;0.0;0.93308496;0.0;0.99328357;0.0;0.0;0.0;0.0;0.0;0.0;0.0;0.9611988000000001;0.0;0.0;0.0;0.0;0.0;0.0;-0.96037984;0.0;0.0;0.9940943999999999;0.0;0.0;0.0;0.0;0.0;0.0;0.0;0.9814457000000001;0.0;0.99373794;0.0;0.0;0.0;0.0;0.0;-0.52824557;0.62018996;0.0;0.8808210999999999;0.0;0.0;0.9853790000000001;-0.68829805;0.0;0.0;0.0;0.0;0.0;0.9651960999999999;0.93414295;0.9890760000000001;0.8439141;0.0;-0.8157793000000001;0.0;0.0
Phyt.orbi;0.0;0.0;0.9465995;0.0;0.0;0.0;-0.8954211999999999;0.0;-0.86815315;0.0;0.0;-0.7579037;0.0;0.0;0.0;0.0;0.0;0.0;0.0;0.0;-0.80527395;0.0;0.0;0.0;0.9850601000000001;0.0;0.0;0.0;0.0;0.0;0.0;0.0;-0.67910147;0.0;0.0;0.0;0.0;0.0;0.0;0.0;0.0;0.0;-0.83272207;0.0;0.0;0.0;0.0;0.0;-0.81173676;0.0;0.0;0.0;0.0;0.0;0.83502996;0.0;0.0;0.0;0.0;0.0;0.0;-0.8957776;0.0;0.0;0.0;0.0;0.0;0.0;-0.7973773000000001;0.0;0.0;0.0;0.0;-0.612741;0.0;0.0;0.0;0.0;0.0;0.0;0.97828627;0.0
Plan.alpi;0.0;0.6376373000000001;0.0;0.0;0.0;0.0;0.0;0.0;0.0;0.0;0.0;0.0;0.0;0.0;0.0;0.0;0.0;0.0;0.0;0.0;0.0;0.0;0.0;0.0;0.0;0.0;0.0;0.0;0.0;0.0;0.0;0.0;0.0;0.0;0.0;0.0;0.0;0.0;0.0;0.0;0.6491284;0.0;0.0;0.0;0.9983837999999999;0.0;0.0;0.0;0.0;0.0;0.0;0.0;0.0;0.0;0.0;0.0;0.0;0.0;0.0;0.0;0.0;0.0;0.0;0.0;0.0;0.0;0.5971359;0.0;0.0;0.0;0.0;0.0;0.0;0.0;0.0;0.0;0.0;0.0;0.0;0.0;0.0;0.0
Poly.vivi;0.0;0.0;0.0;0.0;0.85994893;0.93370026;0.0;0.90753925;0.0;0.72335577;0.8720406999999999;-0.6374916;0.7509433000000001;0.94570345;0.94401276;0.0;0.0;0.87564063;0.0;0.0;0.0;0.0;0.0;0.0;0.0;0.78842044;0.0;0.9701711999999999;0.0;0.91807485;0.0;0.0;0.0;0.6273361999999999;0.0;0.9754908999999999;0.0;0.0;0.5158574;0.0;0.0;0.0;-0.8689369;0.0;0.0;0.96904665;0.0;0.0;0.0;0.0;0.0;0.0;0.0;0.8874414;0.0;0.924847;0.0;0.0;0.0;0.0;0.0;0.0;0.68233174;0.0;0.969499;0.0;0.0;0.9704933000000001;0.0;0.0;0.0;0.0;0.0;0.0;0.89870626;0.7901999;0.8928822;0.7592468000000001;0.0;0.0;0.0;0.0
Pote.aure;0.6274642;0.0;0.6384337;0.0;0.0;0.0;0.0;0.0;0.0;0.0;0.0;0.0;0.0;0.0;0.0;0.0;0.0;0.0;0.0;0.74282825;0.0;0.0;0.0;0.0;0.0;0.0;0.0;0.0;0.0;0.0;0.0;0.5874393;0.0;0.0;0.0;0.0;0.8318836;0.0;0.0;0.9384834999999999;0.0;0.8080133;0.0;0.0;0.0;0.0;0.0;0.85803676;0.0;0.0;0.0;0.0;0.0;0.0;0.0;0.0;0.99178344;0.0;0.0;0.0;0.0;0.0;0.0;0.85324824;0.0;0.9681021999999999;0.0;0.0;0.0;0.0;0.0;0.9164453000000001;0.0;0.0;0.0;0.0;0.0;0.0;0.0;0.0;0.0;0.0
Pote.cran;0.0;0.0;0.0;0.68091637;0.69482946;0.9441113000000001;0.0;0.74971193;-0.7144691;0.0;0.6862774;0.0;0.5413892;0.9074546;0.8125560000000001;0.0;-0.7789547;0.70872337;0.0;0.0;-0.6161474;0.0;0.52980673;0.0;0.0;0.5502858;0.0;0.8417452;0.0;0.7338163000000001;0.0;0.0;0.0;0.86382693;0.0;0.87895775;0.0;0.0;0.0;0.0;0.0;0.0;-0.64280254;0.0;0.0;0.8623953000000001;0.0;0.0;0.0;0.0;0.0;0.0;0.0;0.0;0.0;0.78125435;0.0;0.0;0.0;0.0;0.0;0.0;0.8424704;0.0;0.97238725;0.0;0.0;0.8555886;0.0;0.0;0.0;0.0;0.0;0.0;0.71685475;0.5530825;0.7285782;0.7414559000000001;0.0;-0.6046762;0.0;0.0
Pote.gran;0.0;0.0;0.0;0.0;0.0;0.0;0.0;0.0;-0.93415326;0.0;0.0;-0.82047415;0.0;0.0;0.0;0.0;-0.9484299999999999;0.0;0.0;0.0;-0.9530905000000001;0.0;0.0;0.0;0.5545456;0.0;0.0;0.0;0.0;0.0;0.0;0.0;0.0;0.0;0.0;0.0;0.0;0.0;0.0;0.0;0.0;0.0;-0.9434546;0.0;0.0;0.0;0.0;0.0;-0.5857766;0.0;0.0;0.0;0.0;0.0;0.0;0.0;0.0;0.0;0.0;0.0;0.0;0.0;0.0;0.0;0.0;0.0;0.0;0.0;-0.69407314;0.0;0.0;0.0;0.0;0.0;0.0;0.0;0.0;0.0;0.0;-0.89137197;0.7784367;0.0
Puls.vern;0.0;0.0;0.0;0.0;0.74201363;0.846382;0.0;0.9662286;-0.90201277;0.6071356;0.94688183;-0.68561745;0.626512;0.9903152;0.89226866;0.0;0.0;0.9642903;0.0;0.0;0.0;0.0;0.0;-0.50136566;0.0;0.8693514000000001;0.0;0.96701497;0.0;0.91762215;0.0;0.0;0.0;0.59322613;0.0;0.9390638000000001;0.0;0.0;0.0;0.0;0.0;0.0;-0.88575673;0.0;0.0;0.9873264;0.0;0.0;0.0;0.0;0.0;0.0;0.0;0.94559556;0.0;0.0;0.0;0.0;0.0;0.0;0.0;0.0;0.76123196;0.0;0.8989265;0.0;0.0;0.9643373;-0.5707414000000001;0.0;0.0;0.0;0.0;0.0;0.91141725;0.87093043;0.96644133;0.92500085;0.0;-0.87546504;0.0;0.0
Ranu.kuep;0.0;0.0;0.72764856;0.0;0.0;0.0;0.0;0.0;0.0;0.0;0.0;0.0;0.0;0.0;0.0;0.83473426;0.0;0.0;0.0;0.0;0.0;0.0;0.0;0.0;0.0;0.0;0.0;0.0;0.0;0.0;0.0;0.5978022;0.0;0.0;0.0;0.0;0.0;0.0;0.0;0.93196154;0.0;0.0;0.0;0.0;0.97424746;0.0;0.0;0.0;0.0;0.0;-0.832015;0.0;0.86688924;0.0;0.0;0.0;0.0;0.0;0.0;0.0;0.0;-0.7051809;0.0;0.0;0.0;0.92682004;0.0;0.0;-0.77300245;0.0;0.80150527;0.0;0.0;0.0;0.0;0.0;0.0;0.0;0.0;-0.6462868;0.0;0.0
Sagi.glab;0.0;0.7317637;0.0;0.0;0.0;0.0;0.74129295;0.0;0.0;0.0;0.0;0.0;0.0;0.0;0.0;0.0;-0.5222008;0.0;0.9977334000000001;0.0;0.0;0.0;0.0;0.0;0.0;0.0;0.0;0.0;0.93074644;0.0;0.67335093;0.0;0.0;0.0;0.0;0.0;0.0;0.0;0.0;0.0;0.6995724;0.0;0.0;0.0;0.0;0.0;0.0;0.0;0.0;0.0;0.0;0.0;0.0;0.0;0.0;0.0;0.0;0.0;0.0;0.0;0.0;0.0;0.0;0.0;0.0;0.0;0.0;0.0;0.0;0.9976464;0.0;0.0;0.0;0.0;0.0;0.0;0.0;0.0;0.0;0.0;0.0;0.0
Sali.herb;0.0;0.0;0.0;0.0;0.0;0.0;0.0;0.0;0.0;0.0;0.0;0.0;0.0;0.0;0.0;0.0;0.0;0.0;0.0;0.0;0.0;0.0;0.0;0.0;0.0;0.0;0.0;0.0;0.0;0.0;0.0;0.0;0.0;0.0;0.0;0.0;0.0;0.0;0.0;0.0;0.0;0.0;-0.8563484;0.0;0.0;0.0;0.0;0.0;0.0;0.0;0.0;0.0;0.0;0.0;0.0;0.0;0.0;0.0;0.0;0.0;0.0;0.0;0.0;0.0;0.0;0.0;0.0;0.0;0.0;0.0;0.0;0.0;0.0;0.0;0.0;0.0;0.0;0.0;0.0;0.0;0.0;0.0
Sali.reti;0.0;0.0;0.0;0.0;0.0;0.0;0.0;0.0;-0.9587210999999999;0.0;0.0;-0.804566;0.0;0.0;0.0;0.0;-0.9365131;0.0;0.0;0.0;-0.95513684;0.0;0.0;0.0;0.0;0.0;0.9803745999999999;0.0;0.0;0.0;0.0;0.0;0.0;0.0;0.9796968;0.0;0.0;0.0;0.0;0.0;0.0;0.0;-0.95371765;0.5173805;0.0;0.0;0.0;0.0;-0.5975425999999999;0.0;0.0;0.0;0.0;0.0;0.0;0.0;0.0;0.0;0.0;0.0;0.99784696;0.0;0.0;0.0;0.0;0.0;0.0;0.0;-0.694543;0.0;0.0;0.0;0.0;0.0;0.0;0.0;0.0;0.0;0.0;-0.84494984;0.0;0.0
Sali.retu;0.0;0.0;0.0;0.0;0.0;0.0;0.0;0.0;-0.9536486999999999;0.0;0.0;-0.7857576999999999;0.0;0.0;0.0;0.0;-0.9415264999999999;0.0;0.0;0.0;-0.9461584999999999;0.0;0.0;0.0;0.0;0.0;0.9819589;0.0;0.0;0.0;0.0;0.0;0.0;0.0;0.98134595;0.0;0.0;0.0;0.0;0.0;0.0;0.0;-0.9455520000000001;0.5438549;0.0;0.0;0.0;0.0;-0.5766872;0.0;0.0;0.0;0.0;0.0;0.0;0.0;0.0;0.0;0.0;0.9963241;0.0;0.0;0.0;0.0;0.0;0.0;0.0;0.0;-0.6753316;0.0;0.0;0.0;0.0;0.0;0.0;0.0;0.0;0.0;0.0;-0.8466971;0.0;0.0
Sali.serp;0.0;0.0;0.0;0.0;0.8208371999999999;0.82648265;0.0;0.99593717;-0.96373576;0.0;0.9873896999999999;-0.8067059;0.73633045;0.9595872;0.9344378000000001;0.0;-0.92892784;0.9910631;0.0;0.0;-0.9568819;0.0;0.0;0.0;0.0;0.9412149;0.9757549999999999;0.9882679;0.0;0.0;0.0;0.0;0.0;0.0;0.97501826;0.0;0.0;0.0;0.0;0.0;0.0;0.0;-0.9568064000000001;0.0;0.0;0.9897338999999999;0.0;0.0;-0.60738873;0.0;0.0;0.0;0.0;0.9876543;0.0;0.99798566;0.0;0.0;0.0;0.9957405;0.99596775;0.0;0.6265626999999999;0.0;0.87145555;0.0;0.0;0.98229015;-0.7012575;0.0;0.0;0.0;0.0;0.0;0.0;0.9422999;0.99509716;0.8595214;0.0;-0.83107615;0.0;0.0
Saxi.pani;0.0;0.0;0.0;0.0;0.6676241999999999;0.7761893;0.0;0.94909906;-0.875459;0.5324288;0.9384913;-0.6711689999999999;0.5497601;0.9693889000000001;0.8361851;0.0;-0.9909393;0.9614999;0.0;0.0;-0.8693690000000001;0.0;0.0;-0.58679324;0.0;0.86093646;0.0;0.938941;0.0;0.88510245;0.0;0.0;0.0;0.5640601;0.0;0.89174247;0.0;0.0;0.0;0.0;0.0;0.0;-0.86711144;0.0;0.0;0.9714759;0.0;0.0;0.0;0.0;0.0;0.0;0.0;0.92634606;0.0;0.9554456;0.0;0.0;0.0;0.0;0.0;0.0;0.0;0.0;0.84467554;0.0;0.0;0.92943406;-0.5242972;0.0;0.0;0.0;0.0;0.0;0.87509435;0.86227876;0.9574938000000001;0.9562229;0.0;-0.92774606;0.0;0.0
Sedu.alpe;0.7014583000000001;0.0;0.0;0.0;0.0;0.0;0.0;0.0;0.0;0.0;0.0;0.0;0.0;0.0;0.0;0.0;0.0;0.0;0.0;0.0;0.0;0.83184624;0.0;0.0;0.0;0.0;0.0;0.0;0.0;0.0;0.0;0.0;0.0;0.0;0.0;0.0;0.0;0.0;0.0;0.0;0.0;0.99653065;-0.7189619;0.0;0.0;0.0;0.0;0.0;0.0;0.0;0.0;0.0;0.0;0.0;0.0;0.0;0.0;0.0;0.0;0.0;0.0;0.0;0.0;0.0;0.0;0.9272912;0.0;0.0;0.0;0.0;0.0;0.5969161999999999;0.69451463;0.0;0.0;0.0;0.0;0.0;0.0;0.0;0.0;0.0
Semp.mont;0.0;0.0;0.0;0.0;0.5989349;0.7638588000000001;0.0;0.90889066;-0.8180871;0.0;0.8930959;-0.5827784;0.0;0.96440727;0.78726566;0.0;0.0;0.92437214;0.0;0.0;0.0;0.0;0.0;-0.64222276;0.0;0.79823893;0.0;0.90382946;0.0;0.830205;0.0;0.0;0.0;0.6333890999999999;0.0;0.85784084;0.0;0.0;0.0;0.0;0.0;0.0;-0.8048493;0.0;0.0;0.9483834999999999;0.0;0.0;0.0;0.0;0.0;0.0;0.0;0.87890154;0.0;0.91885644;0.0;0.0;0.0;0.0;0.0;0.0;0.8366822;0.0;0.0;0.0;0.0;0.89539677;0.0;0.0;0.0;0.0;0.0;0.0;0.0;0.7998147;0.91871107;0.977497;0.0;-0.93974566;0.0;0.0
Sene.inca;0.74924445;0.0;0.0;0.0;0.0;0.0;0.0;0.0;-0.6338001999999999;0.0;0.0;0.0;0.0;0.0;0.0;0.0;-0.9601854999999999;0.0;0.0;0.0;-0.6242039;0.81964266;0.0;-0.7604085;0.0;0.0;0.0;0.0;0.0;0.0;0.0;0.0;0.0;0.0;0.0;0.0;0.0;0.0;0.0;0.0;0.0;0.0;-0.61685884;0.66765994;0.0;0.0;0.0;0.0;0.0;0.0;0.0;0.0;0.0;0.0;0.0;0.0;0.6945491;0.0;0.0;0.0;0.0;0.0;0.0;0.9198018;0.0;0.0;0.0;0.0;0.0;0.0;0.0;0.0;0.0;0.0;0.0;0.0;0.0;0.0;0.0;-0.94128513;0.0;0.0
Sibb.proc;0.0;0.0;0.0;0.0;0.0;0.0;0.0;0.0;0.0;0.0;0.0;0.0;0.0;0.0;0.0;0.0;0.0;0.0;0.0;0.0;0.0;0.0;0.0;0.0;0.0;0.0;0.0;0.0;0.0;0.0;0.0;0.0;0.0;0.0;0.0;0.0;0.0;0.0;0.0;0.0;0.0;0.0;0.0;0.0;0.0;0.0;0.0;0.0;0.0;0.0;0.0;0.0;0.0;0.0;0.0;0.0;0.0;0.0;0.0;0.0;0.0;0.0;0.0;0.0;0.0;0.0;0.0;0.0;0.0;0.0;0.0;0.0;0.0;0.0;0.0;0.0;0.0;0.0;0.0;0.0;0.0;0.0
Sile.acau;0.0;0.0;0.0;0.0;0.6254416;0.7116118;0.0;0.9463959999999999;-0.85643595;0.50830793;0.9450528;-0.7030929;0.0;0.94193244;0.80107516;0.0;-0.9866151;0.9679018;0.0;0.0;-0.8816185;0.0;0.0;-0.5564522;0.0;0.8829110000000001;0.0;0.90948904;0.0;0.0;0.0;0.0;0.0;0.0;0.0;0.85172486;0.0;0.0;0.0;0.0;0.0;0.0;-0.8629296000000001;0.0;0.0;0.94212466;0.0;0.0;0.0;0.0;0.0;0.0;0.0;0.9284691999999999;0.0;0.9471129;0.0;0.0;0.0;0.0;0.0;0.0;0.7304768;0.0;0.7795993;0.0;0.0;0.0;-0.5617845;0.0;0.0;0.0;0.0;0.0;0.0;0.88399756;0.9591770000000001;0.96209186;0.0;-0.9508646999999999;0.0;0.0
Thym.poly;0.0;0.0;0.0;0.0;0.0;0.0;0.0;0.0;-0.958435;0.0;0.0;-0.79706496;0.0;0.0;0.0;0.0;-0.93669814;0.0;0.0;0.0;-0.9516886;0.0;0.0;0.0;0.0;0.0;0.0;0.0;0.0;0.0;0.0;0.0;0.0;0.0;0.0;0.0;0.0;0.0;0.0;0.0;0.0;0.0;-0.95142037;0.0;0.0;0.0;0.0;0.0;-0.5916944000000001;0.0;0.0;0.0;0.0;0.0;0.0;0.0;0.0;0.0;0.0;0.0;0.0;0.0;0.0;0.0;0.0;0.0;0.0;0.0;0.0;0.0;0.8073433000000001;0.0;0.0;0.0;0.0;0.0;0.0;0.0;0.0;-0.84174436;0.0;0.0
Vero.alpi;0.0;0.8843979999999999;0.0;0.0;0.0;0.0;0.0;0.0;-0.91705984;0.0;0.0;0.0;0.0;0.0;0.0;0.0;-0.97437364;0.0;0.0;0.0;-0.90468246;0.0;0.0;-0.534248;0.0;0.0;0.0;0.0;0.6059262;0.0;0.91493255;0.0;0.0;0.0;0.0;0.0;0.0;0.0;0.0;0.0;0.8953139999999999;0.0;0.0;0.0;0.0;0.0;0.0;0.0;0.0;0.0;0.0;0.0;0.0;0.0;0.0;0.0;0.0;0.51905406;0.0;0.0;0.0;0.0;0.0;0.0;0.0;0.0;0.0;0.0;-0.58618647;0.0;0.0;0.0;0.0;0.0;0.0;0.0;0.0;0.0;0.0;-0.89457655;0.0;0.0
Vero.alli;0.0;0.0;0.86797684;0.0;0.0;0.0;0.0;0.0;-0.94573766;0.0;0.0;-0.82081276;0.0;0.0;0.0;0.0;-0.6331365;0.0;0.0;0.0;-0.89654464;0.0;0.0;0.0;0.0;0.0;0.0;0.0;0.0;0.0;0.0;0.0;-0.57049197;0.0;0.0;0.0;0.0;0.0;0.0;0.0;0.0;0.0;-0.91812843;0.0;0.0;0.0;0.0;0.0;-0.80337113;0.0;0.0;0.0;0.0;0.0;0.0;0.0;0.9431321;0.0;0.0;0.0;0.0;-0.8346838;0.0;0.0;0.0;0.0;0.0;0.0;-0.8171516;0.0;0.0;0.0;0.0;0.0;0.0;0.0;0.0;0.0;0.0;0.0;0.0;0.0
Vero.bell;0.6605298000000001;0.0;0.0;0.0;0.0;0.0;0.0;0.0;0.0;0.0;0.0;0.0;0.0;0.0;0.0;0.0;0.0;0.0;0.0;0.0;0.0;0.8488675999999999;0.0;0.0;0.0;0.0;0.0;0.0;0.0;0.0;0.0;0.0;0.0;0.0;0.0;0.0;0.6105681;0.0;0.0;0.0;0.0;0.96765465;0.0;0.0;0.0;0.0;0.0;0.66076756;0.0;0.0;0.0;0.0;0.52388537;0.0;0.0;0.0;0.0;0.0;0.0;0.0;0.0;0.0;0.0;0.91360354;0.0;0.0;0.0;0.0;0.0;0.0;0.0;0.0;0.56642276;0.0;0.0;0.0;0.0;0.0;0.0;0.0;0.0;0.0
Myos.alpe;0.8814188000000001;0.0;0.0;0.0;0.0;0.0;0.0;0.0;0.0;0.0;0.0;0.0;0.0;0.0;0.0;0.0;0.0;0.0;0.0;0.0;0.0;0.91588914;0.0;-0.51157767;0.0;0.0;0.0;0.0;0.0;0.0;0.0;0.0;0.0;0.0;0.0;0.0;0.6862123;0.0;0.0;0.0;0.0;0.8880655999999999;-0.6662973000000001;0.0;0.0;0.0;0.0;0.0;0.0;0.0;0.0;0.0;0.0;0.0;0.0;0.0;0.0;0.0;0.0;0.0;0.0;0.0;0.0;0.94072276;0.0;0.0;0.0;0.0;0.0;0.0;0.0;0.7994508;0.0;0.0;0.0;0.0;0.0;0.0;0.0;0.0;0.0;0.0
Tara.alpi;0.0;0.0;0.0;0.0;0.0;0.0;-0.8258449000000001;0.0;-0.9468296;0.0;0.0;-0.7849815;0.0;0.0;0.0;0.0;-0.66030335;0.0;0.0;0.0;-0.8790449;0.0;0.0;0.0;0.0;0.0;0.0;0.0;0.0;0.0;0.0;0.0;-0.50790584;0.0;0.0;0.0;0.0;0.0;0.0;0.0;0.0;0.0;-0.9118733;0.0;0.0;0.0;0.0;0.0;-0.7631103;0.0;0.0;0.0;0.0;0.0;0.0;0.0;0.0;0.0;0.0;0.0;0.0;-0.7985533;0.0;0.0;0.0;0.0;0.0;0.0;-0.7609191999999999;0.0;0.0;0.0;0.0;0.0;0.0;0.0;0.0;0.0;0.0;0.0;0.0;0.0
Scab.luci;0.0;0.0;0.0;0.0;0.0;0.0;-0.62873995;0.90748924;-0.88840103;0.6920345;0.86475706;-0.5989088;0.0;0.96999437;0.94133043;0.0;-0.85639596;0.8730111999999999;0.0;0.0;-0.82236946;0.0;0.0;0.0;0.0;0.7715913000000001;0.0;0.0;0.0;0.0;0.0;0.0;0.0;0.0;0.0;0.9791846;0.0;0.0;0.0;0.0;0.0;0.0;-0.84067714;0.0;0.0;0.0;0.0;0.0;0.0;0.0;0.0;0.0;0.0;0.8844539;0.0;0.92663753;0.0;0.0;0.0;0.0;0.0;0.0;0.73767126;0.0;0.0;0.0;0.0;0.0;-0.5266892;0.0;0.0;0.0;0.0;0.0;0.0;0.7737062;0.89032423;0.7899231;0.0;-0.692024;0.0;0.0
Anth.alpe;0.0;0.0;0.0;0.94471765;0.0;0.85439575;0.0;0.97987944;-0.93248767;0.6627076999999999;0.9627177;-0.7291964;0.680521;0.9845643;0.91905886;0.0;-0.9523608;0.9743645000000001;0.0;0.0;-0.9162146000000001;0.0;0.0;0.0;0.0;0.89474946;0.0;0.9831886999999999;0.0;0.9446805;0.0;0.0;0.0;0.0;0.0;0.0;0.0;0.0;0.0;0.0;0.0;0.0;-0.91666573;0.0;0.0;0.99538225;0.0;0.0;-0.51272416;0.0;0.0;0.0;0.0;0.96334565;0.0;0.9870399999999999;0.0;0.0;0.0;0.0;0.0;0.0;0.71476835;0.0;0.9034601000000001;0.0;0.0;0.9795523000000002;-0.6179776;0.0;0.0;0.0;0.0;0.0;0.9374745000000001;0.0;0.97847724;0.89631695;0.0;-0.8510955;0.0;0.0
Oxyt.camp;0.0;0.0;0.0;0.0;0.56431866;0.8482094000000001;0.0;0.7946134;-0.70444274;0.0;0.7484411999999999;0.0;0.0;0.94702584;0.748282;0.0;-0.9129072;0.7868866;0.0;0.0;-0.64943284;0.0;0.5127715;-0.6273989000000001;0.0;0.60966253;0.0;0.841675;0.0;0.72472095;0.0;0.0;0.0;0.84711266;0.0;0.8375183;0.0;0.0;0.0;0.0;0.0;0.0;-0.65674925;0.0;0.0;0.8909129000000001;0.0;0.0;0.0;0.0;0.0;0.0;0.0;0.7500770999999999;0.0;0.81981945;0.0;0.0;0.0;0.0;0.0;0.0;0.93912345;0.0;0.90724516;0.0;0.0;0.8459318000000001;0.0;0.0;0.0;0.0;0.0;0.0;0.70981926;0.6121767;0.0;0.9084549999999999;0.0;-0.80904853;0.0;0.0
Oxyt.lapp;0.0;0.0;0.0;0.7135701;0.5576255;0.8387186;0.0;0.8009006999999999;-0.70738244;0.0;0.756907;0.0;0.0;0.94909424;0.74541956;0.0;-0.9227477;0.7959465;0.0;0.0;-0.6570115;0.0;0.50064766;-0.63631386;0.0;0.6198709;0.0;0.84312385;0.0;0.727542;0.0;0.0;0.0;0.8370299000000001;0.0;0.835096;0.0;0.0;0.0;0.0;0.0;0.0;-0.66250736;0.0;0.0;0.89370704;0.0;0.0;0.0;0.0;0.0;0.0;0.0;0.7567316;0.0;0.8251091999999999;0.0;0.0;0.0;0.0;0.0;0.0;0.9397213;0.0;0.89986306;0.0;0.0;0.8464259;0.0;0.0;0.0;0.0;0.0;0.0;0.7130529999999999;0.62233186;0.79905915;0.0;0.0;-0.82492864;0.0;0.0
Lotu.alpi;0.0;0.0;0.0;0.0;0.0;0.0;0.0;0.0;-0.9906103;0.0;0.0;-0.8503751;0.0;0.0;0.0;0.0;-0.8515935;0.0;0.0;0.75137466;-0.97098583;0.0;0.0;0.0;0.0;0.0;0.0;0.0;0.0;0.0;0.0;0.0;0.0;0.0;0.0;0.0;0.0;0.0;0.0;0.0;0.0;0.0;-0.97878593;0.0;0.0;0.0;0.0;0.0;-0.7095694;0.0;0.0;0.0;0.0;0.0;0.0;0.0;0.0;0.0;0.0;0.0;0.0;-0.6483524;0.0;0.79564935;0.0;0.0;0.0;0.0;-0.7750238;0.0;0.0;0.0;0.0;0.0;0.0;0.0;0.0;0.0;0.0;-0.7233381;0.0;0.0
Trif.alpi;0.0;0.0;0.0;0.0;0.0;0.0;0.0;0.0;-0.9307378000000001;0.0;0.0;-0.7725098000000001;0.0;0.0;0.0;0.0;-0.62270254;0.0;0.0;0.0;-0.8614790999999999;0.0;0.0;0.0;0.0;0.0;0.0;0.0;0.0;0.0;0.0;0.0;-0.5401734;0.0;0.0;0.0;0.0;0.0;0.0;0.0;0.0;0.0;-0.89375484;0.0;0.0;0.0;0.0;0.0;-0.7672783000000001;0.0;0.0;0.0;0.0;0.0;0.0;0.0;0.0;0.0;0.0;0.0;0.0;-0.81755036;0.0;0.0;0.0;0.0;0.0;0.0;-0.76293004;0.0;0.0;0.0;0.0;0.0;0.0;0.0;0.0;0.0;0.0;0.0;0.0;0.0
Trif.badi;0.0;0.0;0.0;0.0;0.0;0.0;-0.8634698000000001;0.0;-0.9145164000000001;0.0;0.0;-0.76270115;0.0;0.0;0.0;0.0;-0.5885068;0.0;0.0;0.0;-0.8475552;0.0;0.0;0.0;0.0;0.0;0.0;0.0;0.0;0.0;0.0;0.0;-0.5715134;0.0;0.0;0.0;0.0;0.0;0.0;0.0;0.0;0.0;-0.8765726;0.0;0.0;0.0;0.0;0.0;-0.7701577;0.8353764000000001;0.0;0.0;0.0;0.0;0.76132506;0.0;0.0;0.0;0.0;0.0;0.0;-0.83328927;0.0;0.0;0.0;0.0;0.0;0.0;-0.7696212;0.0;0.0;0.0;0.0;0.0;0.0;0.0;0.0;0.0;0.0;0.0;0.0;0.9796658000000001
Trif.thal;0.0;0.0;0.0;0.0;0.0;0.0;0.0;0.0;-0.8905082000000001;0.0;0.0;-0.61437774;0.0;0.0;0.0;0.0;-0.73070276;0.0;0.0;0.0;-0.7937455;0.0;0.0;0.0;0.0;0.0;0.0;0.0;0.0;0.0;0.0;0.0;0.0;0.0;0.0;0.0;0.0;0.0;0.0;0.0;0.0;0.0;-0.83388126;0.0;0.0;0.0;0.0;0.0;-0.5527359000000001;0.0;0.0;0.0;0.0;0.0;0.0;0.0;0.0;0.0;0.0;0.0;0.0;-0.6134539000000001;0.0;0.0;0.0;0.0;0.0;0.0;-0.56527376;0.0;0.0;0.0;0.0;0.0;0.0;0.0;0.0;0.0;0.0;-0.5304715999999999;0.87994885;0.0
